index,NberID,ArticleID
0,w5666,2796
1,w5757,2817
2,w6634,2836
3,w4995,2841
4,w5941,2843
5,w5881,2847
6,w5394,2848
7,w6822,2851
8,w5585,2866
9,w6088,2867
10,w6041,2872
11,w7126,2878
12,w5419,2890
13,w4840,2907
14,w4858,2912
15,w5489,2919
16,w6048,2939
17,w7122,2941
18,w6865,2950
19,w5504,2954
20,w5866,2958
21,w7449,2968
22,w7430,2973
23,w7051,2974
24,w7185,2978
25,w6047,2981
26,w7240,2985
27,w6689,2998
28,w7967,2999
29,w6758,3002
30,w6577,3010
31,w7871,3011
32,w7317,3012
33,w6593,3016
34,w6529,3018
35,w7996,3025
36,w8746,3026
37,w6567,3032
38,w7527,3036
39,w8405,3038
40,w8896,3040
41,w7804,3042
42,w7805,3043
43,w7815,3046
44,w8484,3051
45,w7984,3059
46,w7734,3064
47,w8302,3065
48,w8697,3068
49,w7353,3069
50,w8462,3072
51,w7034,3075
52,w7944,3077
53,w7111,3078
54,w9208,3084
55,w6007,3089
56,w9314,3090
57,w9188,3093
58,w9094,3097
59,w8782,3098
60,w8045,3101
61,w6481,3103
62,w8547,3112
63,w8464,3114
64,w7859,3115
65,w7906,3116
66,w8551,3117
67,w9524,3120
68,w9013,3123
69,w10055,3125
70,w8030,3127
71,w10132,3130
72,w9069,3136
73,w9023,3139
74,w8819,3140
75,w8311,3142
76,w7978,3145
77,w9275,3146
78,w7983,3147
79,w10501,3150
80,w7831,3151
81,w8403,3153
82,w9538,3157
83,w6826,3158
84,w9242,3160
85,w8598,3161
86,w10723,3166
87,w10986,3174
88,w8722,3176
89,w9492,3179
90,w9889,3180
91,w10307,3186
92,w10278,3190
93,w11616,3191
94,w10976,3194
95,w11664,3195
96,w10792,3199
97,w9767,3209
98,w10260,3213
99,w10056,3220
100,w11405,3222
101,w10734,3228
102,w10811,3231
103,w12894,3233
104,w5378,3234
105,w5234,3235
106,w5429,3238
107,w11753,3243
108,w11938,3249
109,w11155,3252
110,w13236,3254
111,w12030,3258
112,w12312,3261
113,w13694,3262
114,w11071,3263
115,w11476,3273
116,w13967,3274
117,w11971,3275
118,w13291,3280
119,w12081,3281
120,w11832,3283
121,w13121,3287
122,w13661,3288
123,w11019,3294
124,w12838,3295
125,w13310,3299
126,w12606,3301
127,w12938,3302
128,w12263,3304
129,w13719,3307
130,w13995,3311
131,w13241,3313
132,w12986,3319
133,w15149,3329
134,w13776,3334
135,w13326,3337
136,w15923,3339
137,w14672,3340
138,w14052,3343
139,w14255,3345
140,w14214,3347
141,w14526,3350
142,w14030,3355
143,w13008,3356
144,w14942,3360
145,w14905,3361
146,w15093,3362
147,w16460,3371
148,w17765,3375
149,w16119,3378
150,w14586,3381
151,w13646,3383
152,w12881,3384
153,w16219,3385
154,w16994,3390
155,w15646,3393
156,w16315,3394
157,w17500,3401
158,w17335,3403
159,w14505,3405
160,w14737,3406
161,w16213,3408
162,w15602,3409
163,w15604,3412
164,w16400,3414
165,w18017,3421
166,w15563,3424
167,w17510,3426
168,w18360,3429
169,w18151,3431
170,w13483,3433
171,w17680,3437
172,w15957,3440
173,w18035,3445
174,w18125,3446
175,w18011,3447
176,w17175,3457
177,w19323,3462
178,w17936,3464
179,w16579,9273
180,w10457,3469
181,w9721,3471
182,w11018,3472
183,w10720,3473
184,w10198,3475
185,w9462,3476
186,w10251,3477
187,w10552,3478
188,w11004,3480
189,w10841,3482
190,w10540,3484
191,w10930,3487
192,w10543,3489
193,w10175,3492
194,w11516,3495
195,w11202,3498
196,w10609,3499
197,w11680,3501
198,w17012,3506
199,w15129,3507
200,w14590,3508
201,w13807,3510
202,w14813,3511
203,w14067,3512
204,w14867,3514
205,w15280,3517
206,w15497,3518
207,w15814,3520
208,w15157,3521
209,w14925,3523
210,w15617,3524
211,w15194,3526
212,w15549,3528
213,w15750,3530
214,w12782,3532
215,w14855,3535
216,w15041,3537
217,w16952,3538
218,w15060,3547
219,w16381,3548
220,w15852,3550
221,w15916,3551
222,w15898,3552
223,w15629,3556
224,w15342,3557
225,w15745,3558
226,w16883,3560
227,w17410,3561
228,w14709,3564
229,w17151,3569
230,w17813,3570
231,w15748,3572
232,w16366,3574
233,w17800,3575
234,w15361,3577
235,w17113,3579
236,w17190,3580
237,w16588,3582
238,w16351,3584
239,w13417,3587
240,w14644,3588
241,w16658,3594
242,w17453,3596
243,w13380,3602
244,w18228,3606
245,w16265,3609
246,w17098,3612
247,w17506,3614
248,w17186,3616
249,w17321,3617
250,w18319,3618
251,w18387,3622
252,w18248,3625
253,w16028,3626
254,w16215,3630
255,w19148,3634
256,w17776,3635
257,w18275,3636
258,w18885,3640
259,w19293,3641
260,w19628,3643
261,w18314,3645
262,w18463,3646
263,w17736,3647
264,w19220,3649
265,w17979,3651
266,w18576,3653
267,w17494,3655
268,w18565,3657
269,w18133,3658
270,w18401,3659
271,w19181,3660
272,w19237,3663
273,w19843,3666
274,w20691,3669
275,w19226,3670
276,w20164,9272
277,w18871,9266
278,w18212,9270
279,w17898,9271
280,w18978,9268
281,w19768,9292
282,w19102,9295
283,w19393,9297
284,w6476,3721
285,w5809,3732
286,t0222,3791
287,w7132,3795
288,w7870,3806
289,w8160,3846
290,w8497,3865
291,w8881,3881
292,t0276,3888
293,t0323,3896
294,w9736,3928
295,w10647,4019
296,w11088,4032
297,t0283,4034
298,t0280,4038
299,w12063,4066
300,w11307,4076
301,w11017,4100
302,w8629,4103
303,w11826,4111
304,w10450,4118
305,w6482,4167
306,w6863,4168
307,w7266,4169
308,w5570,4170
309,w7415,4172
310,w7216,4175
311,w6715,4177
312,w6832,4180
313,w7550,4181
314,w6869,4188
315,w7109,4189
316,w7789,4191
317,w5494,4192
318,w5050,4193
319,w6307,4202
320,w6795,4203
321,w6606,4204
322,w7293,4205
323,w7973,4207
324,w7655,4210
325,w7546,4213
326,w7604,4215
327,w7306,4217
328,w7080,4218
329,w7363,4220
330,w7220,4222
331,w6279,4223
332,w6723,4230
333,w6792,4234
334,w8143,4235
335,w7507,4236
336,w7508,4237
337,w7637,4240
338,w7269,4247
339,w8211,4248
340,w7952,4256
341,w8314,4257
342,w6418,4259
343,w6617,4260
344,w8042,4279
345,w7708,4280
346,w9318,4283
347,w8627,4286
348,w8350,4289
349,w8337,4296
350,w9755,4297
351,w9360,4301
352,w8467,4303
353,w8449,4306
354,w8336,4307
355,w7470,4311
356,w8885,4314
357,w8120,4316
358,w8750,4318
359,w9006,4326
360,w9460,4328
361,w9728,4330
362,w8492,4332
363,w9315,4335
364,w8923,4336
365,w9938,4338
366,w7634,4345
367,w9704,4346
368,w9929,4347
369,w10598,4348
370,w9756,4351
371,w8841,4360
372,w9171,4363
373,w10220,4365
374,w10440,4366
375,w10777,4367
376,w10259,4368
377,w8580,4369
378,w9372,4372
379,w10835,4378
380,w4138,4384
381,w5213,4401
382,w5163,4409
383,w4787,4411
384,w6192,4418
385,w6106,4421
386,w5688,4422
387,w6274,4425
388,w5796,4426
389,w5964,4430
390,w6213,4432
391,w5657,4434
392,w5145,4439
393,w5715,4440
394,w5750,4442
395,w5865,4444
396,w5956,4449
397,w6166,4451
398,w6564,4456
399,w6034,4461
400,w6394,4464
401,w5857,4465
402,w6051,4466
403,w5888,4467
404,w6052,4478
405,w6437,4479
406,w4714,4481
407,w6515,4482
408,w6637,4483
409,w6215,4486
410,w6009,4487
411,w10516,4494
412,w11147,4498
413,w11915,4501
414,w11619,4503
415,w11702,4505
416,w10737,4511
417,w11796,4512
418,w11258,4513
419,w11185,4514
420,w11551,4515
421,w11711,4517
422,w12073,4522
423,w12467,4523
424,w11474,4525
425,w12169,4528
426,w11455,4530
427,w11676,4531
428,w12082,4534
429,w11478,4536
430,w11722,4537
431,w11755,4538
432,w10314,4539
433,w11208,4543
434,w11611,4544
435,w12216,4545
436,w12639,4548
437,w11494,4550
438,w12274,4551
439,w12701,4555
440,w13367,4558
441,w13052,4559
442,w10763,4560
443,w12021,4561
444,w11236,4562
445,w11076,4563
446,w11987,4565
447,w12365,4566
448,w12927,4567
449,w12095,4569
450,w12478,4575
451,w12410,4576
452,w11159,4578
453,w12833,4581
454,w11043,4584
455,w11790,4586
456,w13623,4588
457,w13768,4591
458,w11072,4594
459,w14059,4595
460,w12343,4596
461,w13128,4597
462,w12932,4598
463,w14177,4603
464,w13947,4604
465,w13535,4605
466,w13737,4606
467,w13392,4607
468,w12153,4608
469,w10606,4611
470,w13718,4612
471,w12462,4618
472,w13305,4619
473,w11005,4620
474,w12855,4622
475,w13626,4624
476,w13126,4625
477,w10016,4627
478,w12924,4628
479,w13290,4629
480,w13936,4630
481,w14198,4631
482,w14140,4633
483,w11074,4634
484,w14686,4635
485,w13347,4636
486,w13135,4638
487,w11421,4639
488,w14442,4641
489,w14516,4642
490,w13543,4646
491,w14869,4647
492,w14883,4648
493,w13345,4649
494,w14613,4650
495,w17093,8236
496,w14577,4652
497,w14522,4653
498,w14200,4655
499,w14959,4663
500,w14414,4669
501,w14448,4677
502,w13732,4680
503,w13964,4681
504,w13206,4682
505,w7207,4684
506,w7845,4686
507,w8876,4694
508,w8811,4698
509,w8378,4703
510,w8054,4705
511,w6035,4708
512,w7941,4710
513,w7509,4711
514,w7972,4712
515,w8284,4713
516,w8517,4718
517,w6841,4719
518,w8344,4720
519,w8852,4721
520,w7868,4723
521,w8343,4730
522,w7981,4731
523,w8959,4732
524,w8478,4735
525,w8079,4738
526,w9195,4747
527,w8727,4755
528,w7697,4756
529,w6570,4758
530,w8244,4761
531,w7671,4765
532,w7518,4767
533,w8919,4772
534,w9653,4773
535,w8715,4774
536,w7919,4776
537,w7946,4777
538,w6220,4781
539,w7103,4782
540,w8701,4789
541,w7688,4792
542,w8825,4794
543,w8525,4795
544,w9601,4796
545,w8019,4800
546,w7563,4801
547,w8367,4802
548,w9316,4806
549,w9175,4807
550,w9158,4808
551,w9873,4811
552,w7750,4812
553,w9970,4814
554,w8293,4815
555,w9866,4817
556,w8345,4819
557,w9076,4820
558,w9263,4825
559,w9329,4829
560,w8720,4830
561,w9509,4831
562,w10083,4832
563,w8704,4838
564,w9009,4843
565,w9273,4846
566,w8477,4848
567,w8605,4849
568,w9652,4852
569,w9814,4855
570,w9967,4856
571,w9179,4859
572,w9765,4861
573,w9536,4862
574,w9178,4863
575,w9729,4864
576,w8645,4870
577,w8712,4876
578,w9758,4878
579,w10891,4884
580,w10707,4885
581,w9909,4886
582,w10118,4887
583,w9196,4889
584,w9945,4892
585,w9295,4893
586,w9502,4895
587,w9643,4898
588,w9972,4899
589,w9714,4904
590,w10275,4921
591,w11264,4927
592,w8953,4937
593,w10070,4943
594,w12972,4948
595,w11292,4949
596,w11896,4951
597,w13432,4952
598,w12745,4956
599,w13433,4963
600,w13917,4967
601,w12293,4972
602,w14675,4973
603,w14219,4979
604,w13068,4980
605,w13041,4988
606,w13264,4990
607,w14319,4996
608,w14572,5001
609,w14901,5002
610,w13983,5004
611,w12783,5005
612,w13104,5020
613,w13309,5022
614,w14468,5025
615,w14776,5026
616,w12314,5027
617,w14844,5030
618,w14423,5031
619,w13999,5033
620,w13790,5037
621,w13247,5040
622,w12629,5045
623,w12329,5051
624,w13829,5053
625,w14621,5056
626,w13924,5057
627,w16324,5061
628,w16403,5062
629,w16274,5063
630,w16741,5067
631,w14501,5069
632,w13699,5077
633,w15610,5085
634,w16743,5105
635,w15502,5107
636,w16744,5110
637,w16860,5117
638,w16891,5120
639,w16908,5127
640,w16671,5135
641,w16665,5136
642,w16844,5153
643,w16695,5155
644,w16718,5165
645,w16732,5199
646,w14759,5204
647,w12727,5206
648,w14937,5207
649,w14670,5208
650,w13665,5211
651,w15762,5212
652,w12257,5213
653,w15984,5222
654,w15795,5225
655,w14368,5226
656,w14475,5227
657,w11873,5228
658,w14455,5230
659,w14316,5231
660,w14914,5234
661,w17037,5235
662,w14866,5238
663,w15283,5239
664,w15409,5242
665,w14035,5243
666,w15131,5248
667,w14938,5251
668,w13912,5252
669,w14875,5253
670,w15540,5255
671,w15376,5256
672,w15481,5259
673,w16474,5260
674,w14829,5262
675,w14181,5264
676,w13674,5265
677,w13224,5267
678,w16485,5268
679,w15544,5269
680,w13371,5271
681,w12969,5275
682,w14783,5277
683,w14831,5279
684,w15785,5283
685,w15451,5284
686,w13085,5285
687,w15338,5287
688,w14570,5288
689,w15598,5293
690,w15138,5301
691,w15628,5304
692,w15512,5305
693,w15434,5310
694,w14588,5313
695,w15082,5323
696,w15199,5324
697,w17777,5325
698,w17914,5329
699,w18092,5340
700,w17873,5344
701,w16452,5361
702,w16500,5363
703,w17976,5380
704,w17819,5384
705,w17969,5391
706,w17761,5394
707,w17748,5400
708,w17814,5403
709,w17910,5415
710,w17782,5417
711,w17649,5423
712,w17935,5428
713,w15980,5430
714,w16343,5432
715,w15049,5434
716,w15117,5435
717,w14239,5437
718,w15605,5438
719,w16455,5442
720,w14874,5443
721,w17021,5446
722,w17194,5450
723,w15684,5451
724,w15724,5453
725,w14599,5454
726,w14898,5456
727,w17324,5457
728,w15291,5458
729,w16489,5459
730,w17030,5463
731,w15835,5465
732,w15097,5467
733,w16060,5470
734,w15198,5472
735,w16267,5473
736,w14740,5474
737,w14822,5475
738,w15686,5477
739,w15399,5481
740,w14787,5483
741,w15382,5485
742,w17449,5487
743,w16396,5489
744,w16200,5490
745,w15870,5491
746,w14130,5492
747,w16966,5493
748,w14285,5495
749,w16240,5496
750,w14153,5497
751,w16007,5498
752,w15359,5499
753,w16347,5501
754,w16348,5502
755,w15995,5504
756,w16573,5512
757,w16877,5513
758,w17004,5514
759,w16159,5515
760,w17216,5521
761,w17051,5522
762,w16969,5524
763,w14769,5527
764,w15490,5528
765,w13373,5535
766,w16783,5541
767,w14517,5552
768,w17629,5554
769,w16258,5555
770,w15981,5556
771,w16096,5557
772,w18825,5560
773,w18779,5563
774,w18769,5566
775,w18730,5567
776,w18578,5568
777,w18751,5569
778,w18940,5583
779,w18772,5584
780,w18758,5586
781,w18702,5588
782,w18676,5589
783,w18898,5603
784,w18778,5611
785,w18747,5629
786,w18888,5631
787,w18792,5633
788,w18674,5637
789,w18738,5640
790,w18820,5649
791,w18748,5651
792,w18992,5653
793,w18787,5654
794,w18828,5655
795,w18708,5658
796,w18728,5659
797,w18746,5665
798,w18813,5667
799,w18722,5668
800,w18603,5670
801,w17255,5672
802,w16758,5673
803,w16886,5676
804,w15509,5680
805,w15150,5687
806,w17259,5690
807,w16424,5691
808,w15705,5693
809,w17624,5695
810,w16545,5697
811,w16439,5698
812,w17931,5700
813,w18581,5705
814,w16013,5706
815,w18054,5707
816,w17524,5708
817,w17314,5710
818,w15921,5711
819,w16615,5712
820,w16684,5720
821,w17459,5725
822,w18232,5726
823,w16988,5727
824,w15416,5728
825,w18804,5732
826,w17758,5734
827,w14697,5737
828,w15015,5738
829,w18018,5742
830,w15719,5744
831,w18682,5748
832,w18492,5758
833,w17210,5759
834,w18234,5760
835,w20486,5762
836,w16977,5768
837,w19126,5769
838,w16981,5770
839,w18927,5774
840,w18265,5775
841,w18917,5776
842,w16753,5777
843,w19333,5786
844,w16765,5787
845,w18846,5788
846,w19458,5789
847,w17347,5793
848,w17771,5798
849,w15647,5800
850,w18579,5801
851,w16959,5802
852,w18533,5803
853,w19016,5806
854,w16564,5808
855,w18806,5816
856,w17391,5817
857,w16958,5818
858,w18750,5819
859,w15861,5822
860,w18296,5823
861,w17438,5824
862,w18020,5826
863,w15349,5829
864,w16861,5835
865,w18344,5836
866,w19844,5849
867,w19864,5850
868,w19900,5856
869,w19934,5870
870,w19808,5873
871,w19810,5880
872,w19829,5885
873,w19837,5894
874,w19803,5896
875,w19830,5902
876,w19823,5913
877,w19851,5918
878,w19816,5919
879,w19826,5926
880,w19736,5930
881,w19909,5937
882,w16791,5939
883,w17496,5941
884,w17794,5942
885,w16541,5944
886,w19369,5946
887,w17876,5951
888,w18615,5953
889,w18198,5956
890,w15257,5957
891,w19726,5959
892,w17900,5966
893,w18340,5968
894,w19027,5969
895,w19097,5970
896,w19423,5975
897,w19424,5976
898,w19541,5977
899,w18374,5978
900,w18757,5980
901,w18904,5981
902,w17065,5982
903,w19613,5984
904,w20457,5987
905,w17723,9253
906,w20653,9244
907,w18027,9255
908,w18077,9254
909,w18321,5999
910,w18347,9257
911,w18419,6000
912,w18273,9242
913,w18700,6001
914,w18739,6003
915,w20243,9259
916,w18875,6004
917,w17943,6005
918,w18919,9245
919,w18865,9256
920,w18727,6006
921,w20520,9250
922,w19149,9243
923,w19250,6009
924,w19055,9251
925,w19398,9428
926,w18986,6011
927,w19456,9247
928,w20109,6014
929,w5872,6019
930,w6049,6021
931,w5721,6023
932,w5476,6027
933,w5235,6028
934,w6963,6041
935,w5669,6044
936,w6488,6050
937,w6194,6051
938,w5942,6053
939,w5775,6058
940,w6658,6059
941,w7239,6060
942,w5674,6065
943,w5583,6069
944,w6056,6074
945,w5692,6075
946,w7310,6076
947,w6275,6077
948,w5903,6081
949,w6496,6083
950,w6354,6084
951,w6811,6085
952,w6393,6097
953,w4979,6099
954,w6741,6101
955,w6163,6102
956,w5767,6104
957,w5672,6105
958,w7739,6106
959,w6636,6109
960,w6698,6112
961,w6801,6117
962,w8145,6118
963,w6248,6128
964,w7695,6131
965,w5095,6132
966,w7001,6134
967,w7860,6135
968,w6227,6137
969,w6707,6139
970,w7180,6145
971,w7684,6146
972,w6471,6147
973,w7771,6154
974,w6785,6156
975,w7158,6158
976,w7904,6160
977,w10003,6161
978,w9498,6162
979,w11506,6166
980,w9410,6170
981,w10713,6176
982,w12003,6177
983,w10292,6178
984,w9997,6183
985,w10664,6184
986,w10102,6186
987,w10764,6188
988,w10887,6190
989,w10684,6192
990,w10548,6193
991,w11943,6194
992,w10666,6196
993,w9957,6197
994,w10121,6199
995,w10592,6201
996,w10159,6203
997,w10784,6206
998,w11550,6208
999,w11535,6209
1000,w11015,6212
1001,w11191,6214
1002,w10014,6216
1003,w9988,6217
1004,w10415,6218
1005,w11596,6221
1006,w11495,6223
1007,w10241,6225
1008,w11765,6229
1009,w12368,6233
1010,w10663,6234
1011,w9474,6240
1012,w10679,6242
1013,w13812,9602
1014,w12100,6250
1015,w13507,6251
1016,w12108,6252
1017,w11924,6254
1018,w11996,6256
1019,w11555,6258
1020,w11287,6261
1021,w10458,6262
1022,w13910,6264
1023,w10989,6272
1024,w12253,6273
1025,w12022,6279
1026,w12809,6283
1027,w12514,6284
1028,w11205,6286
1029,w12612,6302
1030,w13243,6307
1031,w12812,6308
1032,w11245,6314
1033,w12517,6318
1034,w11689,6324
1035,w12129,6325
1036,w12721,6326
1037,w12033,6328
1038,w13370,6332
1039,w13340,6333
1040,w11862,6335
1041,w10365,6337
1042,w12508,6339
1043,w13162,6340
1044,w13303,6341
1045,w6355,6342
1046,w13690,6343
1047,w12880,6344
1048,w12824,6348
1049,w11822,6350
1050,w13067,6355
1051,w13160,6359
1052,w14031,6360
1053,w14098,6362
1054,w10836,6371
1055,w14063,6374
1056,w13516,6376
1057,w12537,6382
1058,w13330,6384
1059,w13028,6387
1060,w11756,6392
1061,w9389,6393
1062,w13099,6394
1063,w11876,6395
1064,w14115,6414
1065,w13360,6415
1066,w14864,6418
1067,w10622,6419
1068,w12477,6422
1069,w13656,6423
1070,w13447,6424
1071,w12317,6425
1072,w13616,6429
1073,w21168,9375
1074,w20969,9332
1075,w20890,9390
1076,w20861,9393
1077,w21052,9361
1078,w20866,9364
1079,w21085,9368
1080,w19396,9394
1081,w20868,9397
1082,w20891,9398
1083,w20869,9319
1084,w20932,9320
1085,w20967,9359
1086,w20885,9360
1087,w20812,9317
1088,w20875,9354
1089,w20836,9307
1090,w20928,9300
1091,w5086,2192
1092,w1819,2195
1093,w1826,2196
1094,w2124,2200
1095,w2015,2206
1096,w2623,2208
1097,w2506,2214
1098,w1813,2220
1099,w1627,2221
1100,w1400,2222
1101,w1668,2224
1102,w1334,2225
1103,w1831,2234
1104,w1769,2237
1105,w1590,2238
1106,w1672,2240
1107,w2730,2244
1108,w2771,2250
1109,w2816,2252
1110,w2547,2255
1111,w1980,2259
1112,w2201,2261
1113,w2316,2264
1114,w2059,2265
1115,w2467,2266
1116,w1755,2267
1117,w2403,2268
1118,w1918,2278
1119,w1985,2283
1120,w1943,2286
1121,w2095,2291
1122,w2068,2295
1123,w2545,2303
1124,w2248,2309
1125,w1736,2316
1126,w1770,2317
1127,w2062,2320
1128,w1876,2323
1129,w1512,2324
1130,w1734,2328
1131,w1815,2339
1132,w1686,2342
1133,w1931,2343
1134,w1723,2345
1135,w2542,2348
1136,w2737,2349
1137,w2572,2350
1138,w2137,2357
1139,w2420,2366
1140,w2047,2370
1141,w0546,7198
1142,w0500,7212
1143,w1497,7217
1144,w0659,7239
1145,w0888,7241
1146,w1019,7245
1147,w2311,7261
1148,w1495,7322
1149,w2012,7332
1150,w2019,7334
1151,w0835,7375
1152,w0870,7397
1153,w0520,7419
1154,w1305,7438
1155,w1786,7449
1156,w1138,7459
1157,w0882,7473
1158,w0898,7475
1159,w0722,7484
1160,w1669,7506
1161,w1236,7514
1162,w3453,2374
1163,w2451,2379
1164,w2327,2382
1165,w3203,2390
1166,w3605,2392
1167,w2229,2394
1168,w2233,2404
1169,w2762,2406
1170,w2679,2408
1171,w2768,2416
1172,w3165,2417
1173,w2809,2422
1174,w2840,2424
1175,w2995,2425
1176,w2759,2430
1177,w2425,2439
1178,w3190,2459
1179,w2792,2463
1180,w2666,2464
1181,w3108,2468
1182,w3269,2474
1183,w3053,2476
1184,w3091,2477
1185,w2280,2481
1186,w2983,2483
1187,w2700,2486
1188,w2852,2488
1189,w3199,2492
1190,w3220,2503
1191,w3971,2509
1192,w3046,2515
1193,w3753,2516
1194,w3735,2520
1195,w3482,2527
1196,w4015,2528
1197,w3814,2534
1198,w3552,2539
1199,w3989,2546
1200,w4121,2553
1201,w3886,2559
1202,w3185,2577
1203,w3604,2579
1204,w3854,2586
1205,w3174,2587
1206,w4143,2594
1207,w4518,2595
1208,w4272,2597
1209,w4093,2602
1210,w3922,2604
1211,w4005,2607
1212,w4242,2610
1213,w3610,2614
1214,w3392,2618
1215,w4041,2620
1216,w3566,2628
1217,w4509,2634
1218,w4149,2637
1219,w3322,2647
1220,w3599,2658
1221,w4157,2659
1222,w3494,2661
1223,w4912,2663
1224,w4817,2669
1225,w4244,2670
1226,w4032,2671
1227,w4163,2674
1228,w4550,2675
1229,w4605,2676
1230,w5007,2681
1231,w4311,2686
1232,w4597,2687
1233,w3398,2688
1234,w4313,2702
1235,w4650,2703
1236,w4608,2709
1237,w4796,2714
1238,w4397,2715
1239,w3981,2716
1240,w4829,2717
1241,w4675,2720
1242,w4759,2721
1243,w4614,2725
1244,w6160,2929
1245,w3817,7515
1246,w3927,7516
1247,w3788,7518
1248,w3713,7519
1249,w3778,7520
1250,w3995,7524
1251,w3695,7525
1252,w4090,7526
1253,w4063,7527
1254,w4118,7528
1255,w4788,7537
1256,w4480,7542
1257,w4776,7545
1258,w3728,7547
1259,t0113,7572
1260,w3986,7576
1261,w4312,7579
1262,w4211,7581
1263,w4105,7582
1264,w3942,7583
1265,w4435,7586
1266,w4448,7587
1267,w3477,7594
1268,w3427,7597
1269,w4537,7600
1270,w4373,7603
1271,w4021,7606
1272,w3808,7613
1273,w3892,7619
1274,w3668,7624
1275,w3635,7636
1276,w3858,7642
1277,w4369,7654
1278,w4855,7660
1279,w2898,8013
1280,w2413,8015
1281,w1767,8022
1282,w2533,8031
1283,w2279,8034
1284,w2017,8056
1285,w2468,8067
1286,w2591,8068
1287,w2594,8073
1288,w2639,8077
1289,w2217,8079
1290,w3079,8085
1291,h0017,8086
1292,w3334,8087
1293,w2561,8099
1294,w2630,8101
1295,w2784,8102
1296,w3515,8111
1297,w3572,8118
1298,w4271,8136
1299,w4222,8150
1300,w5336,8154
1301,w5227,8155
1302,w4768,8157
1303,w5024,8160
1304,w5119,8162
1305,w5466,8163
1306,w5082,8164
1307,w5052,8165
1308,w5026,8167
1309,w5372,8169
1310,w5158,8170
1311,w4947,8176
1312,w4575,8178
1313,w5654,8189
1314,w5251,2742
1315,w5042,2743
1316,w5725,2744
1317,w5019,2746
1318,w4857,2747
1319,w4453,2753
1320,w4959,2754
1321,w4934,2765
1322,w5011,2766
1323,w4810,2769
1324,w4861,2773
1325,w5333,2775
1326,w5625,2781
1327,w5722,2783
1328,w17193,8202
1329,w17264,8207
1330,w17338,8219
1331,w17989,8233
1332,w18046,9436
1333,w20354,9465
1334,w18282,8243
1335,w18408,8248
1336,w20061,8249
1337,w18545,8257
1338,w18564,9471
1339,w18425,9280
1340,w20175,8258
1341,w20416,9467
1342,w18241,8272
1343,w20171,8275
1344,w9585,8277
1345,t0301,8280
1346,w10570,8283
1347,w11546,8291
1348,w13385,8301
1349,t0325,8305
1350,w15243,8315
1351,w13727,8317
1352,w12614,8323
1353,w12650,8324
1354,w12994,8344
1355,w12707,8356
1356,w13204,8359
1357,w13228,8360
1358,w12685,8369
1359,w14376,8373
1360,w13416,8383
1361,w13155,8399
1362,w15010,8401
1363,w14645,8403
1364,w13783,8411
1365,w14097,8417
1366,w14215,8439
1367,w14243,8442
1368,w14595,8458
1369,w14630,8461
1370,w14882,8464
1371,w14743,8469
1372,w14730,8470
1373,w14991,8481
1374,w15286,8497
1375,w17045,8518
1376,w15641,8521
1377,w15616,8527
1378,w16327,8563
1379,w13060,8566
1380,w15158,8596
1381,w13465,4974
1382,w10518,6187
1383,w11104,6246
1384,w2854,2215
1385,w1938,2305
1386,w2756,2421
1387,w2428,2429
1388,w4206,2624
1389,w4406,2662
1390,w5118,2729
1391,w4580,2786
1392,w16537,9495
1393,w17317,9515
1394,w17714,9512
1395,w18041,9511
1396,w19129,9475
1397,w19199,9492
1398,w19255,9510
1399,w19373,9490
1400,w19381,9474
1401,w19430,9476
1402,w19795,9523
1403,w19813,9488
1404,w19901,9477
1405,w20215,9504
1406,w20767,9473
1407,w20784,9499
1408,w16677,9529
1409,w15162,9530
1410,w12936,6329
1411,w10078,9548
1412,w10778,9549
1413,w11001,9544
1414,w11402,9543
1415,w11461,9542
1416,w11525,9541
1417,w11601,9540
1418,w11700,9539
1419,w11716,9538
1420,w11825,9537
1421,w11874,9536
1422,w11888,9535
1423,w12334,9534
1424,w12338,9533
1425,w12562,9532
1426,w12623,9531
1427,w9701,9579
1428,w10514,9592
1429,w12031,6301
1430,w10972,4916
1431,w7046,6047
1432,w5567,6040
1433,w5260,6048
1434,w1004,7197
1435,w1257,7448
1436,w1304,7507
1437,w1509,7248
1438,w1682,8037
1439,w1899,7452
1440,w1916,7269
1441,w1963,8047
1442,w2067,7255
1443,w2112,7357
1444,w2139,8045
1445,w2159,7505
1446,w2171,8026
1447,w2318,8035
1448,w2374,8129
1449,w2481,8096
1450,w2494,7644
1451,w2548,8027
1452,w2850,8126
1453,w2871,8124
1454,w2914,8125
1455,w2971,8117
1456,w2992,8072
1457,w3051,8123
1458,w3059,7635
1459,w3105,8074
1460,w3120,8110
1461,w3188,7553
1462,w3201,8114
1463,w3370,7645
1464,w3413,8115
1465,w3462,7521
1466,w3491,7649
1467,w3528,8113
1468,w3530,8112
1469,w3541,7629
1470,w3577,8109
1471,w3701,7560
1472,w3706,7573
1473,w3751,7626
1474,w3764,8182
1475,w3906,7534
1476,w3936,7609
1477,w3993,7570
1478,w4100,7615
1479,w4158,8147
1480,w4168,7657
1481,w4193,7610
1482,w4202,7589
1483,w4255,7621
1484,w4372,7571
1485,w4389,8179
1486,w4476,7590
1487,w4556,8139
1488,w4634,7602
1489,w4680,8174
1490,w4715,7658
1491,w4921,7604
1492,w5098,8132
1493,w5143,4435
1494,w5267,4389
1495,w5439,8158
1496,w5462,4161
1497,w5605,4417
1498,w5606,4392
1499,w5650,4460
1500,w5653,4390
1501,w5788,4383
1502,w5907,4414
1503,w5928,4416
1504,w6304,4448
1505,w6317,4484
1506,w6442,4153
1507,w6454,4489
1508,w6592,4173
1509,w6879,4206
1510,w7104,4268
1511,w7136,4262
1512,w7155,4176
1513,w7300,4152
1514,w7333,4151
1515,w7349,4212
1516,w7442,4322
1517,w7469,4209
1518,w7682,4233
1519,w7828,4184
1520,w7857,4265
1521,w7892,4253
1522,w8004,4201
1523,w8290,4246
1524,w8848,4309
1525,w8920,4319
1526,w8963,4353
1527,w9251,4356
1528,w9269,3474
1529,w9413,4315
1530,w9528,4295
1531,w9740,4298
1532,w9759,4300
1533,w10002,4327
1534,w10038,4334
1535,w10324,4524
1536,w10358,4371
1537,w10438,4376
1538,w10667,3486
1539,w10803,3593
1540,w10932,4493
1541,w10991,3467
1542,w11094,3494
1543,w11458,3503
1544,w11462,4546
1545,w11530,3496
1546,w11622,4552
1547,w11904,4529
1548,w12202,4496
1549,w12206,4554
1550,w12313,4546
1551,w12356,4518
1552,w12618,4527
1553,w12706,4556
1554,w12720,4570
1555,w12917,4574
1556,w13073,4599
1557,w13297,4662
1558,w13540,4602
1559,w13668,4610
1560,w13724,3565
1561,w13901,4664
1562,w13919,4632
1563,w14001,4671
1564,w14416,4679
1565,w14425,4659
1566,w14648,4661
1567,w15084,4672
1568,w15230,4675
1569,w15253,3536
1570,w15464,3515
1571,w15556,3541
1572,w16021,3566
1573,w16083,3529
1574,w16314,3571
1575,w16387,3578
1576,w16682,3554
1577,w16911,3668
1578,w17158,3600
1579,w17234,3642
1580,w17306,3607
1581,w17308,3576
1582,w17417,3592
1583,w17546,3597
1584,w18156,3615
1585,w18288,3650
1586,w18468,9614
1587,w18487,3633
1588,w18522,3613
1589,w18528,9607
1590,w18563,3652
1591,w18597,3608
1592,w18734,9604
1593,w18826,9290
1594,w18862,9606
1595,w19117,3656
1596,w19136,3639
1597,w19246,9264
1598,w19259,3631
1599,w19441,9603
1600,w19484,9265
1601,w19601,9299
1602,w19689,9293
1603,w19854,9610
1604,w20133,9263
1605,w1771,7453
1606,w1793,7216
1607,w1915,7219
1608,w2550,8078
1609,w2649,7630
1610,w4256,7577
1611,w5566,4387
1612,w5744,4196
1613,w7322,4251
1614,w7927,4264
1615,w7993,4263
1616,w8083,4271
1617,w8272,4244
1618,w8460,4245
1619,w11014,4374
1620,w1981,7218
1621,w2709,8028
1622,w3324,7616
1623,w6364,4472
1624,w6391,4164
1625,w7864,4267
1626,w8890,4285
1627,w9904,3470
1628,w11773,4553
1629,w15369,3509
1630,w18131,3654
1631,w0288,7362
1632,w0330,7382
1633,w0502,7418
1634,w0553,7237
1635,w0586,7351
1636,w0588,7402
1637,w0590,7415
1638,w0617,7458
1639,w0686,7190
1640,w0687,7465
1641,w0727,7462
1642,w0756,7490
1643,w0970,7370
1644,w0987,7275
1645,w0991,7233
1646,w1089,9669
1647,w1181,9674
1648,w1205,9675
1649,w11030,9676
1650,w0376,9685
1651,w0675,9683
1652,w0660,7457
1653,w14406,9686
1654,w5428,8168
1655,w1006,776
1656,w1077,692
1657,w1122,613
1658,w1182,564
1659,w1237,607
1660,w1260,677
1661,w1340,593
1662,w1369,574
1663,w1436,572
1664,w1459,573
1665,w1488,596
1666,w1618,543
1667,w1664,585
1668,w1805,512
1669,w1832,445
1670,w1833,507
1671,w1952,496
1672,w2173,487
1673,w2209,343
1674,w2360,481
1675,w2369,403
1676,w2546,376
1677,w2609,384
1678,w2613,303
1679,w2686,372
1680,w2718,440
1681,w2848,404
1682,w2984,309
1683,w3196,307
1684,w3223,284
1685,w3326,335
1686,w3357,186
1687,w3417,254
1688,w3734,302
1689,w3834,107
1690,w3912,120
1691,w3977,76
1692,w4081,204
1693,w4185,158
1694,w4195,100
1695,w4264,140
1696,w4300,159
1697,w4407,108
1698,w4646,42
1699,w4739,77
1700,w4887,3691
1701,w4917,3679
1702,w4966,9
1703,w5093,84
1704,w5192,24
1705,w5345,101
1706,w5816,3707
1707,w6387,3750
1708,w6691,3984
1709,w6699,7
1710,w6771,3745
1711,w6977,3780
1712,w7105,3737
1713,w7271,3786
1714,w7577,3755
1715,w7769,3772
1716,w8214,3805
1717,w8317,3920
1718,w8481,3915
1719,w8615,3954
1720,w8626,3872
1721,w9210,3845
1722,w10109,4011
1723,w10113,4061
1724,w10151,4036
1725,w10231,4109
1726,w10351,4102
1727,w10428,4041
1728,w10816,4021
1729,w10963,4077
1730,w11259,3991
1731,w11577,4092
1732,w11845,4119
1733,w11900,8296
1734,w12671,8326
1735,w12845,4133
1736,w13772,8410
1737,w13894,8412
1738,w14002,8278
1739,w14161,8435
1740,w14469,8455
1741,w14478,8486
1742,w14554,8495
1743,w14610,8460
1744,w14674,8328
1745,w14915,8477
1746,w15088,8443
1747,w15211,8346
1748,w15226,8303
1749,w15247,8505
1750,w15346,8416
1751,w15581,8516
1752,w15609,8375
1753,w15664,8310
1754,w15769,8535
1755,w16298,8567
1756,w16516,8580
1757,w16865,8203
1758,w17296,8504
1759,w17348,8205
1760,w17411,8523
1761,w17563,8474
1762,w17923,8232
1763,w18163,8238
1764,w18224,8576
1765,w18413,9282
1766,w19399,9442
1767,w19617,8537
1768,w20172,8216
1769,w20419,8225
1770,w20741,9460
1771,w0025,1019
1772,w0060,1370
1773,w0090,1270
1774,w0121,1120
1775,w0150,1146
1776,w0172,1132
1777,w0319,967
1778,w0326,989
1779,w0335,734
1780,w0343,1050
1781,w0468,834
1782,w0484,933
1783,w0577,861
1784,w0626,802
1785,w0685,856
1786,w0711,761
1787,w0885,811
1788,w0013,8773
1789,w0042,8775
1790,w0088,6518
1791,w0104,6530
1792,w0112,6437
1793,w0134,6506
1794,w0135,6478
1795,w0138,6970
1796,w0153,7144
1797,w0199,6446
1798,w0201,6685
1799,w0208,7022
1800,w0249,6492
1801,w0253,6861
1802,w0352,6913
1803,w0356,6645
1804,w0362,7021
1805,w0401,6640
1806,w0405,6742
1807,w0431,7019
1808,w0432,7072
1809,w0445,6910
1810,w0450,6909
1811,w0506,6739
1812,w0544,6600
1813,w0570,7075
1814,w0599,7074
1815,w0677,6783
1816,w0720,6950
1817,w0744,6663
1818,w0779,7174
1819,w0786,8702
1820,w0807,6701
1821,w0840,7035
1822,w0855,6705
1823,w0891,7036
1824,w0897,6597
1825,w0905,6602
1826,w0975,6731
1827,w0978,6598
1828,w1075,6794
1829,w1116,8617
1830,w1129,8719
1831,w1171,8600
1832,w1231,8711
1833,w1303,8670
1834,w1354,6920
1835,w1388,7069
1836,w1389,8710
1837,w1410,6917
1838,w1581,7139
1839,w1595,6591
1840,w1680,6554
1841,w1724,6763
1842,w1775,8606
1843,w1785,7090
1844,w1791,8658
1845,w1818,6588
1846,w1845,6940
1847,w1885,8643
1848,w1949,6621
1849,w1969,6692
1850,w2009,8609
1851,w2040,6805
1852,w2046,8613
1853,w2086,6949
1854,w2088,6696
1855,w2148,6887
1856,w6901,3100
1857,w2170,7953
1858,w2297,6831
1859,w2377,6891
1860,w2395,7994
1861,w2462,6886
1862,w2472,6826
1863,w2514,7094
1864,w2540,6994
1865,w2588,7912
1866,w2627,6578
1867,w2638,7991
1868,w2642,7927
1869,w2674,6693
1870,w2680,6890
1871,w2688,6575
1872,w2708,6796
1873,w2746,7904
1874,w2870,6797
1875,w2891,7947
1876,w2942,7925
1877,w2988,7901
1878,w3058,7946
1879,w3062,7932
1880,w3109,7970
1881,w3189,7908
1882,w3210,7911
1883,w3227,7999
1884,w3241,7905
1885,w3268,8004
1886,w3275,7976
1887,w3294,7964
1888,w3325,7977
1889,w3338,7913
1890,w3344,7968
1891,w3414,7909
1892,w3419,7680
1893,w3503,7974
1894,w3147,7827
1895,w3206,7839
1896,w3339,7769
1897,w3358,7821
1898,w3383,7826
1899,w3399,7696
1900,w3505,7686
1901,w3556,7832
1902,w3567,7841
1903,w3712,7801
1904,w3748,7836
1905,w3785,7792
1906,w3787,7838
1907,w3792,7768
1908,w3822,7694
1909,w4013,7804
1910,w4025,7847
1911,w4065,7691
1912,w4178,7789
1913,w4249,7843
1914,w4280,7668
1915,w4328,7688
1916,w4375,7797
1917,w4376,7812
1918,w4400,7866
1919,w4403,7689
1920,w4426,7744
1921,w4427,7879
1922,w4441,7722
1923,w4463,7814
1924,w4490,7791
1925,w4494,7815
1926,w4496,7745
1927,w4508,7703
1928,w4554,7865
1929,w4644,7873
1930,w4678,7861
1931,w4693,7748
1932,w4771,7872
1933,w4795,7750
1934,w4820,7867
1935,w4884,7708
1936,w4943,7868
1937,w5002,7850
1938,w5033,7749
1939,w5083,2886
1940,w5124,7876
1941,w5136,7860
1942,w5203,7864
1943,w5211,2795
1944,w5537,2826
1945,w5627,7854
1946,w5637,2901
1947,w5661,2829
1948,w5803,2868
1949,w5817,9623
1950,w6008,2842
1951,w6191,9624
1952,w6326,2827
1953,w6333,2928
1954,w6357,2849
1955,w6385,2802
1956,w6670,3001
1957,w6686,2860
1958,w6812,2951
1959,w7249,2979
1960,w7388,3177
1961,w7761,3102
1962,w7791,3080
1963,w7847,3044
1964,w8227,3037
1965,w8270,3250
1966,w8501,3183
1967,w8522,3132
1968,w8607,3049
1969,w8616,3094
1970,w8883,3066
1971,w9706,3155
1972,w9775,3121
1973,w9934,3181
1974,w10082,3122
1975,w10187,3232
1976,w10522,3143
1977,w10959,3256
1978,w11408,3245
1979,w12254,3290
1980,w12269,3265
1981,w12289,3270
1982,w12466,3277
1983,w12475,3276
1984,w12498,3297
1985,w12591,3322
1986,w12807,3291
1987,w12889,3272
1988,w12909,3306
1989,w13145,9636
1990,w13390,3348
1991,w13410,3359
1992,w13637,3352
1993,w13833,3338
1994,w13878,3332
1995,w13893,3419
1996,w14081,9637
1997,w14369,3335
1998,w14389,9639
1999,w14606,3364
2000,w14809,3349
2001,w14960,3453
2002,w15323,9642
2003,w15329,3368
2004,w15394,9640
2005,w15839,9643
2006,w16388,9641
2007,w16568,3423
2008,w17311,3432
2009,w17495,3435
2010,w17947,3428
2011,w18178,9420
2012,w18259,9653
2013,w18264,9649
2014,w18845,9662
2015,w19090,3449
2016,w19158,9656
2017,w19212,9277
2018,w0067,6486
2019,w5249,2879
2020,w5430,9628
2021,w5760,2811
2022,w8094,3107
2023,w9910,3111
2024,w0055,6565
2025,w0421,7071
2026,t0005,799
2027,t0017,721
2028,t0040,565
2029,t0048,463
2030,t0083,220
2031,t0087,225
2032,t0099,230
2033,t0129,198
2034,t0130,94
2035,t0141,138
2036,t0151,60
2037,t0161,102
2038,t0163,119
2039,t0242,3948
2040,t0251,3863
2041,t0267,3999
2042,t0299,4048
2043,t0315,4029
2044,t0339,8327
2045,t0102,7663
2046,t0112,7813
2047,h0032,7723
2048,t0089,7942
2049,w0283,7117
2050,w17582,9528
2051,w3844,2524
2052,w10234,4382
2053,w17587,9500
2054,w0178,1069
2055,w0239,7298
2056,w0241,6957
2057,w0242,7431
2058,w0243,7288
2059,w0250,7437
2060,w0278,7386
2061,w9133,3104
2062,w8688,3248
2063,w7856,3096
2064,w7659,4162
2065,w7447,4214
2066,w0137,7142
2067,w0177,1167
2068,w3437,7568
2069,w3851,2557
2070,w5724,4457
2071,w5716,4457
2072,w6177,4254
2073,w6704,6093
2074,w6775,2994
2075,w12600,4654
2076,w2440,8084
2077,w4886,2672
2078,w8822,3034
2079,w0567,6745
