index,Journal,Volume,Issue,Part,AuthorID
0,QJE,114,4,1,98
1,QJE,130,3,1,263
2,ECA,60,2,1,268
3,QJE,99,1,1,272
4,ECA,53,2,1,6507
5,QJE,100,2,1,489
6,QJE,100,2,1,535
7,P&P,93,2,1,3806
8,QJE,100,2,1,719
9,ECA,79,4,1,1133
10,QJE,98,3,1,1144
11,QJE,98,2,1,8777
12,ECA,66,5,1,1440
13,ECA,72,3,1,1464
14,QJE,120,1,1,1484
15,QJE,126,2,1,1525
16,QJE,101,4,1,1614
17,ECA,38,5,1,1808
18,QJE,100,2,1,1888
19,QJE,100,2,1,1903
20,ECA,68,6,1,1996
21,ECA,61,1,1,6632
22,QJE,100,2,1,2162
23,ECA,46,3,1,2219
24,QJE,126,2,1,2672
25,QJE,94,3,1,2689
26,ECA,83,6,1,2745
27,QJE,98,3,1,8778
28,QJE,100,2,1,3261
29,QJE,112,3,1,3422
30,QJE,104,4,1,3425
31,QJE,95,4,1,8779
32,QJE,100,2,1,3737
33,QJE,98,1,1,8780
34,QJE,101,2,1,4294
35,AER,83,3,1,4311
36,AER,104,8,1,4619
37,QJE,130,3,1,4626
38,ECA,22,3,1,6468
39,QJE,94,2,1,4778
40,AER,100,4,1,4940
41,QJE,99,2,1,8781
42,ECA,32,4,1,7156
43,QJE,130,3,1,4904
44,QJE,100,2,1,5096
45,ECA,75,5,1,5437
46,QJE,100,2,1,5730
47,QJE,100,2,1,5935
48,QJE,115,1,1,98
49,QJE,118,2,1,98
50,QJE,117,1,1,98
51,QJE,115,2,1,98
52,QJE,114,2,1,98
53,QJE,116,1,1,98
54,QJE,117,3,1,98
55,QJE,119,2,1,98
56,QJE,117,2,1,98
57,QJE,115,4,1,98
58,QJE,119,4,1,98
59,QJE,119,3,1,98
60,QJE,115,3,1,98
61,QJE,118,4,1,98
62,QJE,118,1,1,98
63,QJE,118,3,1,98
64,QJE,119,1,1,98
65,QJE,114,1,1,98
66,QJE,117,4,1,98
67,QJE,116,4,1,98
68,QJE,116,3,1,98
69,QJE,114,3,1,98
70,QJE,116,2,1,98
71,QJE,113,4,1,263
72,QJE,113,1,1,263
73,QJE,110,4,1,263
74,QJE,110,1,1,263
75,QJE,113,2,1,263
76,QJE,108,3,1,263
77,QJE,129,3,1,263
78,QJE,130,2,1,263
79,QJE,106,4,1,263
80,QJE,108,1,1,263
81,QJE,110,2,1,263
82,QJE,107,1,1,263
83,QJE,107,3,1,263
84,QJE,104,3,1,263
85,QJE,113,3,1,263
86,QJE,130,4,1,263
87,QJE,109,1,1,263
88,QJE,108,4,1,263
89,QJE,111,2,1,263
90,QJE,108,2,1,263
91,QJE,112,4,1,263
92,QJE,128,2,1,263
93,QJE,129,1,1,263
94,QJE,109,3,1,263
95,QJE,112,1,1,263
96,QJE,109,2,1,263
97,QJE,110,3,1,263
98,QJE,111,1,1,263
99,QJE,112,2,1,263
100,QJE,127,3,1,263
101,QJE,127,2,1,263
102,QJE,105,1,1,263
103,QJE,129,4,1,263
104,QJE,105,2,1,263
105,QJE,106,1,1,263
106,QJE,129,2,1,263
107,QJE,109,4,1,263
108,QJE,104,4,1,263
109,QJE,106,2,1,263
110,QJE,128,4,1,263
111,QJE,128,3,1,263
112,QJE,130,1,1,263
113,QJE,111,4,1,263
114,QJE,128,1,1,263
115,QJE,105,4,1,263
116,QJE,127,4,1,263
117,QJE,107,2,1,263
118,QJE,112,3,1,263
119,QJE,105,3,1,263
120,QJE,107,4,1,263
121,QJE,106,3,1,263
122,QJE,111,3,1,263
123,ECA,57,5,1,268
124,ECA,57,6,1,268
125,ECA,60,3,1,268
126,ECA,56,5,1,268
127,ECA,59,6,1,268
128,ECA,60,1,1,268
129,ECA,57,2,1,268
130,ECA,57,1,1,268
131,ECA,57,3,1,268
132,ECA,58,1,1,268
133,ECA,58,3,1,268
134,ECA,58,5,1,268
135,ECA,59,1,1,268
136,ECA,59,4,1,268
137,ECA,59,2,1,268
138,ECA,58,4,1,268
139,ECA,58,2,1,268
140,ECA,58,6,1,268
141,ECA,59,5,1,268
142,ECA,59,3,1,268
143,ECA,56,4,1,268
144,ECA,57,4,1,268
145,ECA,56,6,1,268
146,QJE,99,2,1,272
147,QJE,99,3,1,272
148,QJE,99,4,1,272
149,ECA,54,6,1,6507
150,ECA,53,6,1,6507
151,ECA,55,6,1,6507
152,ECA,53,3,1,6507
153,ECA,52,6,1,6507
154,ECA,56,2,1,6507
155,ECA,55,5,1,6507
156,ECA,56,3,1,6507
157,ECA,52,4,1,6507
158,ECA,54,1,1,6507
159,ECA,55,1,1,6507
160,ECA,53,5,1,6507
161,ECA,54,2,1,6507
162,ECA,55,3,1,6507
163,ECA,54,4,1,6507
164,ECA,52,5,1,6507
165,ECA,56,1,1,6507
166,ECA,53,1,1,6507
167,ECA,54,5,1,6507
168,ECA,55,2,1,6507
169,ECA,54,3,1,6507
170,ECA,53,4,1,6507
171,ECA,55,4,1,6507
172,AER,94,3,1,535
173,AER,93,1,1,535
174,AER,92,3,1,535
175,AER,93,4,1,535
176,AER,93,3,1,535
177,AER,92,5,1,535
178,AER,92,1,1,535
179,AER,94,1,1,535
180,AER,91,4,1,535
181,AER,93,2,1,535
182,AER,93,5,1,535
183,AER,91,5,1,535
184,AER,92,4,1,535
185,ECA,82,2,1,1133
186,ECA,81,2,1,1133
187,ECA,82,3,1,1133
188,ECA,83,3,1,1133
189,ECA,81,3,1,1133
190,ECA,79,5,1,1133
191,ECA,82,1,1,1133
192,ECA,80,1,1,1133
193,ECA,79,6,1,1133
194,ECA,80,4,1,1133
195,ECA,82,6,1,1133
196,ECA,80,6,1,1133
197,ECA,83,1,1,1133
198,ECA,82,4,1,1133
199,ECA,80,2,1,1133
200,ECA,83,2,1,1133
201,ECA,81,1,1,1133
202,ECA,81,6,1,1133
203,ECA,81,5,1,1133
204,ECA,80,3,1,1133
205,ECA,80,5,1,1133
206,ECA,82,5,1,1133
207,ECA,81,4,1,1133
208,QJE,97,4,1,1144
209,QJE,98,4,1,1144
210,QJE,97,2,1,1144
211,QJE,97,1,1,1144
212,QJE,98,2,1,1144
213,QJE,98,Supplement,1,1144
214,QJE,99,3,1,1144
215,QJE,99,2,1,1144
216,QJE,98,1,1,1144
217,QJE,99,1,1,1144
218,QJE,97,3,1,1144
219,QJE,99,4,1,1144
220,QJE,99,2,1,8777
221,QJE,99,1,1,8777
222,QJE,95,2,1,8777
223,QJE,98,1,1,8777
224,QJE,97,3,1,8777
225,QJE,99,3,1,8777
226,QJE,96,3,1,8777
227,QJE,99,4,1,8777
228,QJE,96,1,1,8777
229,QJE,96,2,1,8777
230,QJE,95,3,1,8777
231,QJE,97,4,1,8777
232,QJE,96,4,1,8777
233,QJE,97,1,1,8777
234,QJE,98,3,1,8777
235,QJE,98,Supplement,1,8777
236,QJE,97,2,1,8777
237,QJE,95,1,1,8777
238,QJE,95,4,1,8777
239,QJE,98,4,1,8777
240,QJE,94,4,1,8777
241,ECA,65,1,1,1440
242,ECA,65,3,1,1440
243,ECA,67,3,1,1440
244,ECA,64,4,1,1440
245,ECA,65,2,1,1440
246,ECA,67,6,1,1440
247,ECA,65,6,1,1440
248,ECA,67,1,1,1440
249,ECA,66,1,1,1440
250,ECA,64,6,1,1440
251,ECA,67,4,1,1440
252,ECA,66,6,1,1440
253,ECA,68,1,1,1440
254,ECA,65,4,1,1440
255,QJE,100,2,1,1440
256,ECA,66,3,1,1440
257,ECA,66,4,1,1440
258,ECA,67,2,1,1440
259,ECA,66,2,1,1440
260,ECA,67,5,1,1440
261,ECA,65,5,1,1440
262,ECA,68,2,1,1440
263,ECA,64,5,1,1440
264,ECA,68,3,1,1440
265,ECA,73,3,1,1464
266,ECA,73,2,1,1464
267,ECA,72,5,1,1464
268,ECA,74,3,1,1464
269,ECA,74,6,1,1464
270,ECA,71,6,1,1464
271,ECA,75,3,1,1464
272,ECA,73,5,1,1464
273,ECA,74,2,1,1464
274,ECA,74,1,1,1464
275,ECA,73,1,1,1464
276,ECA,74,4,1,1464
277,ECA,71,5,1,1464
278,ECA,73,4,1,1464
279,ECA,72,6,1,1464
280,ECA,72,4,1,1464
281,ECA,72,1,1,1464
282,ECA,75,1,1,1464
283,ECA,73,6,1,1464
284,ECA,75,2,1,1464
285,ECA,71,4,1,1464
286,ECA,74,5,1,1464
287,ECA,72,2,1,1464
288,QJE,116,1,1,1484
289,QJE,116,4,1,1484
290,QJE,119,4,1,1484
291,QJE,123,3,1,1484
292,QJE,116,3,1,1484
293,QJE,121,4,1,1484
294,QJE,120,2,1,1484
295,QJE,117,1,1,1484
296,QJE,123,2,1,1484
297,QJE,119,3,1,1484
298,QJE,114,2,1,1484
299,QJE,114,4,1,1484
300,QJE,116,2,1,1484
301,QJE,121,3,1,1484
302,QJE,122,2,1,1484
303,QJE,122,1,1,1484
304,QJE,115,1,1,1484
305,QJE,122,4,1,1484
306,QJE,121,2,1,1484
307,QJE,115,3,1,1484
308,QJE,122,3,1,1484
309,QJE,123,1,1,1484
310,QJE,119,1,1,1484
311,QJE,117,2,1,1484
312,QJE,119,2,1,1484
313,QJE,118,4,1,1484
314,QJE,114,1,1,1484
315,QJE,114,3,1,1484
316,QJE,121,1,1,1484
317,QJE,115,2,1,1484
318,QJE,118,1,1,1484
319,QJE,118,3,1,1484
320,QJE,117,4,1,1484
321,QJE,118,2,1,1484
322,QJE,120,4,1,1484
323,QJE,117,3,1,1484
324,QJE,120,3,1,1484
325,QJE,115,4,1,1484
326,QJE,129,1,1,1525
327,QJE,127,3,1,1525
328,QJE,129,3,1,1525
329,QJE,128,4,1,1525
330,QJE,125,Supplement,1,1525
331,QJE,123,4,1,1525
332,QJE,125,2,1,1525
333,QJE,127,1,1,1525
334,QJE,124,1,1,1525
335,QJE,124,4,1,1525
336,QJE,127,4,1,1525
337,QJE,128,1,1,1525
338,QJE,127,2,1,1525
339,QJE,129,2,1,1525
340,QJE,126,4,1,1525
341,QJE,125,3,1,1525
342,QJE,125,4,1,1525
343,QJE,124,3,1,1525
344,QJE,126,1,1,1525
345,QJE,129,4,1,1525
346,QJE,126,3,1,1525
347,QJE,123,3,1,1525
348,QJE,124,2,1,1525
349,QJE,128,2,1,1525
350,QJE,128,3,1,1525
351,QJE,125,1,1,1525
352,QJE,103,3,1,1614
353,QJE,101,2,1,1614
354,QJE,103,4,1,1614
355,QJE,104,1,1,1614
356,QJE,102,4,1,1614
357,QJE,104,2,1,1614
358,QJE,103,1,1,1614
359,QJE,103,2,1,1614
360,QJE,100,3,1,1614
361,QJE,102,3,1,1614
362,QJE,102,2,1,1614
363,QJE,102,1,1,1614
364,QJE,104,3,1,1614
365,QJE,100,4,1,1614
366,QJE,101,3,1,1614
367,QJE,100,Supplement,1,1614
368,QJE,100,1,1,1614
369,QJE,101,1,1,1614
370,QJE,104,4,1,1614
371,ECA,38,1,1,1808
372,ECA,42,2,1,1808
373,ECA,37,3,1,1808
374,ECA,36,3/4,1,1808
375,ECA,45,3,1,1808
376,ECA,45,4,1,1808
377,ECA,43,1,1,1808
378,ECA,45,1,1,1808
379,ECA,44,1,1,1808
380,ECA,44,4,1,1808
381,ECA,38,6,1,1808
382,ECA,38,3,1,1808
383,ECA,41,5,1,1808
384,ECA,41,6,1,1808
385,ECA,37,1,1,1808
386,ECA,44,2,1,1808
387,ECA,42,4,1,1808
388,ECA,41,1,1,1808
389,ECA,40,1,1,1808
390,ECA,43,4,1,1808
391,ECA,39,3,1,1808
392,ECA,44,6,1,1808
393,ECA,40,4,1,1808
394,ECA,37,2,1,1808
395,ECA,41,4,1,1808
396,ECA,42,1,1,1808
397,ECA,40,5,1,1808
398,ECA,40,6,1,1808
399,ECA,43,2,1,1808
400,ECA,39,6,1,1808
401,ECA,37,4,1,1808
402,ECA,38,2,1,1808
403,ECA,39,2,1,1808
404,ECA,40,3,1,1808
405,ECA,44,5,1,1808
406,ECA,42,5,1,1808
407,ECA,43,3,1,1808
408,ECA,41,3,1,1808
409,ECA,42,6,1,1808
410,ECA,44,3,1,1808
411,ECA,39,1,1,1808
412,ECA,45,2,1,1808
413,ECA,40,2,1,1808
414,ECA,39,5,1,1808
415,ECA,42,3,1,1808
416,ECA,41,2,1,1808
417,ECA,43,5/6,1,1808
418,ECA,69,1,1,1996
419,ECA,70,5,1,1996
420,ECA,70,4,1,1996
421,ECA,69,5,1,1996
422,ECA,68,5,1,1996
423,ECA,70,6,1,1996
424,ECA,68,4,1,1996
425,ECA,71,2,1,1996
426,ECA,69,4,1,1996
427,ECA,70,3,1,1996
428,ECA,70,2,1,1996
429,ECA,71,3,1,1996
430,ECA,69,2,1,1996
431,ECA,70,1,1,1996
432,ECA,69,6,1,1996
433,ECA,69,3,1,1996
434,ECA,71,1,1,1996
435,ECA,62,4,1,6632
436,ECA,63,4,1,6632
437,ECA,62,5,1,6632
438,ECA,61,6,1,6632
439,ECA,63,1,1,6632
440,ECA,63,2,1,6632
441,ECA,62,3,1,6632
442,ECA,63,3,1,6632
443,ECA,60,5,1,6632
444,ECA,60,6,1,6632
445,ECA,64,1,1,6632
446,ECA,64,2,1,6632
447,ECA,61,2,1,6632
448,ECA,62,2,1,6632
449,ECA,62,6,1,6632
450,ECA,60,4,1,6632
451,ECA,61,3,1,6632
452,ECA,61,4,1,6632
453,ECA,63,5,1,6632
454,ECA,64,3,1,6632
455,ECA,62,1,1,6632
456,ECA,61,5,1,6632
457,ECA,63,6,1,6632
458,ECA,48,5,1,2219
459,ECA,46,1,1,2219
460,ECA,50,2,1,2219
461,ECA,52,2,1,2219
462,ECA,51,4,1,2219
463,ECA,47,2,1,2219
464,ECA,45,8,1,2219
465,ECA,49,3,1,2219
466,ECA,50,1,1,2219
467,ECA,51,1,1,2219
468,ECA,46,6,1,2219
469,ECA,47,3,1,2219
470,ECA,48,3,1,2219
471,ECA,51,3,1,2219
472,ECA,48,2,1,2219
473,ECA,51,6,1,2219
474,ECA,47,1,1,2219
475,ECA,49,1,1,2219
476,ECA,45,6,1,2219
477,ECA,45,5,1,2219
478,ECA,45,7,1,2219
479,ECA,52,1,1,2219
480,ECA,49,2,1,2219
481,ECA,48,1,1,2219
482,ECA,51,2,1,2219
483,ECA,52,3,1,2219
484,ECA,47,6,1,2219
485,ECA,48,4,1,2219
486,ECA,51,5,1,2219
487,ECA,46,5,1,2219
488,ECA,46,4,1,2219
489,ECA,49,4,1,2219
490,ECA,46,2,1,2219
491,ECA,50,4,1,2219
492,ECA,50,3,1,2219
493,ECA,50,6,1,2219
494,ECA,47,4,1,2219
495,ECA,48,6,1,2219
496,ECA,47,5,1,2219
497,ECA,48,7,1,2219
498,ECA,49,5,1,2219
499,ECA,49,6,1,2219
500,ECA,50,5,1,2219
501,QJE,127,1,1,2672
502,QJE,126,3,1,2672
503,QJE,126,4,1,2672
504,QJE,95,2,1,2689
505,QJE,94,1,1,2689
506,QJE,95,3,1,2689
507,QJE,96,3,1,2689
508,QJE,95,4,1,2689
509,QJE,96,2,1,2689
510,QJE,95,1,1,2689
511,QJE,94,4,1,2689
512,QJE,94,2,1,2689
513,ECA,83,4,1,2745
514,ECA,83,5,1,2745
515,QJE,95,4,1,8778
516,QJE,99,4,1,8778
517,QJE,94,1,1,8778
518,QJE,95,1,1,8778
519,QJE,99,3,1,8778
520,QJE,98,1,1,8778
521,QJE,98,2,1,8778
522,QJE,97,2,1,8778
523,QJE,98,4,1,8778
524,QJE,97,4,1,8778
525,QJE,94,3,1,8778
526,QJE,94,2,1,8778
527,QJE,94,4,1,8778
528,QJE,96,4,1,8778
529,QJE,96,1,1,8778
530,QJE,96,2,1,8778
531,QJE,96,3,1,8778
532,QJE,97,3,1,8778
533,QJE,97,1,1,8778
534,QJE,99,1,1,8778
535,QJE,99,2,1,8778
536,QJE,95,3,1,8778
537,QJE,95,2,1,8778
538,QJE,98,Supplement,1,8778
539,QJE,118,4,1,3422
540,QJE,127,3,1,3422
541,QJE,122,4,1,3422
542,QJE,119,1,1,3422
543,QJE,120,1,1,3422
544,QJE,123,1,1,3422
545,QJE,114,2,1,3422
546,QJE,125,1,1,3422
547,QJE,113,3,1,3422
548,QJE,117,3,1,3422
549,QJE,128,4,1,3422
550,QJE,108,1,1,3422
551,QJE,111,1,1,3422
552,QJE,110,4,1,3422
553,QJE,127,1,1,3422
554,QJE,116,4,1,3422
555,QJE,123,2,1,3422
556,QJE,109,3,1,3422
557,QJE,128,3,1,3422
558,QJE,114,3,1,3422
559,QJE,125,3,1,3422
560,QJE,114,1,1,3422
561,QJE,119,2,1,3422
562,QJE,116,2,1,3422
563,QJE,110,3,1,3422
564,QJE,117,4,1,3422
565,QJE,114,4,1,3422
566,QJE,126,4,1,3422
567,QJE,119,3,1,3422
568,QJE,106,4,1,3422
569,QJE,107,1,1,3422
570,QJE,130,1,1,3422
571,QJE,112,1,1,3422
572,QJE,111,2,1,3422
573,QJE,106,1,1,3422
574,QJE,108,2,1,3422
575,QJE,124,1,1,3422
576,QJE,111,4,1,3422
577,QJE,125,2,1,3422
578,QJE,126,1,1,3422
579,QJE,106,3,1,3422
580,QJE,122,3,1,3422
581,QJE,129,3,1,3422
582,QJE,115,3,1,3422
583,QJE,118,2,1,3422
584,QJE,107,2,1,3422
585,QJE,130,2,1,3422
586,QJE,121,1,1,3422
587,QJE,120,4,1,3422
588,QJE,128,2,1,3422
589,QJE,111,3,1,3422
590,QJE,128,1,1,3422
591,QJE,109,4,1,3422
592,QJE,121,2,1,3422
593,QJE,123,4,1,3422
594,QJE,124,3,1,3422
595,QJE,115,2,1,3422
596,QJE,127,2,1,3422
597,QJE,130,3,1,3422
598,QJE,107,4,1,3422
599,QJE,124,2,1,3422
600,QJE,115,1,1,3422
601,QJE,110,2,1,3422
602,QJE,129,4,1,3422
603,QJE,124,4,1,3422
604,QJE,116,3,1,3422
605,QJE,106,2,1,3422
606,QJE,118,1,1,3422
607,QJE,113,1,1,3422
608,QJE,108,4,1,3422
609,QJE,121,4,1,3422
610,QJE,122,2,1,3422
611,QJE,112,4,1,3422
612,QJE,109,1,1,3422
613,QJE,110,1,1,3422
614,QJE,127,4,1,3422
615,QJE,109,2,1,3422
616,QJE,130,4,1,3422
617,QJE,126,3,1,3422
618,QJE,126,2,1,3422
619,QJE,125,4,1,3422
620,QJE,107,3,1,3422
621,QJE,125,Supplement,1,3422
622,QJE,120,3,1,3422
623,QJE,119,4,1,3422
624,QJE,116,1,1,3422
625,QJE,112,2,1,3422
626,QJE,118,3,1,3422
627,QJE,123,3,1,3422
628,QJE,115,4,1,3422
629,QJE,117,2,1,3422
630,QJE,117,1,1,3422
631,QJE,121,3,1,3422
632,QJE,120,2,1,3422
633,QJE,113,2,1,3422
634,QJE,122,1,1,3422
635,QJE,108,3,1,3422
636,QJE,129,1,1,3422
637,QJE,113,4,1,3422
638,QJE,129,2,1,3422
639,QJE,102,4,1,3425
640,QJE,102,3,1,3425
641,QJE,101,1,1,3425
642,QJE,103,2,1,3425
643,QJE,104,3,1,3425
644,QJE,102,1,1,3425
645,QJE,100,4,1,3425
646,QJE,105,2,1,3425
647,QJE,100,Supplement,1,3425
648,QJE,105,3,1,3425
649,QJE,101,4,1,3425
650,QJE,104,2,1,3425
651,QJE,104,1,1,3425
652,QJE,101,2,1,3425
653,QJE,102,2,1,3425
654,QJE,100,3,1,3425
655,QJE,103,1,1,3425
656,QJE,105,1,1,3425
657,QJE,105,4,1,3425
658,QJE,103,3,1,3425
659,QJE,100,1,1,3425
660,QJE,103,4,1,3425
661,QJE,101,3,1,3425
662,QJE,94,2,1,8779
663,QJE,95,3,1,8779
664,QJE,94,4,1,8779
665,QJE,96,2,1,8779
666,QJE,94,1,1,8779
667,QJE,94,3,1,8779
668,QJE,95,1,1,8779
669,QJE,95,2,1,8779
670,QJE,96,3,1,8779
671,QJE,96,1,1,8780
672,QJE,98,3,1,8780
673,QJE,97,4,1,8780
674,QJE,97,3,1,8780
675,QJE,99,2,1,8780
676,QJE,99,1,1,8780
677,QJE,97,2,1,8780
678,QJE,96,4,1,8780
679,QJE,98,Supplement,1,8780
680,QJE,99,3,1,8780
681,QJE,97,1,1,8780
682,QJE,99,4,1,8780
683,QJE,98,4,1,8780
684,QJE,98,2,1,8780
685,QJE,107,2,1,4294
686,QJE,102,1,1,4294
687,QJE,113,4,1,4294
688,QJE,109,4,1,4294
689,QJE,98,Supplement,1,4294
690,QJE,101,3,1,4294
691,QJE,100,Supplement,1,4294
692,QJE,96,4,1,4294
693,QJE,108,4,1,4294
694,QJE,107,1,1,4294
695,QJE,103,2,1,4294
696,QJE,105,4,1,4294
697,QJE,102,3,1,4294
698,QJE,97,4,1,4294
699,QJE,95,3,1,4294
700,QJE,98,4,1,4294
701,QJE,107,4,1,4294
702,QJE,103,3,1,4294
703,QJE,113,2,1,4294
704,QJE,108,3,1,4294
705,QJE,105,3,1,4294
706,QJE,106,4,1,4294
707,QJE,98,3,1,4294
708,QJE,101,1,1,4294
709,QJE,106,2,1,4294
710,QJE,103,1,1,4294
711,QJE,94,1,1,4294
712,QJE,97,2,1,4294
713,QJE,104,2,1,4294
714,QJE,95,4,1,4294
715,QJE,94,3,1,4294
716,QJE,111,2,1,4294
717,QJE,97,3,1,4294
718,QJE,108,2,1,4294
719,QJE,105,1,1,4294
720,QJE,98,1,1,4294
721,QJE,96,3,1,4294
722,QJE,100,3,1,4294
723,QJE,97,1,1,4294
724,QJE,95,2,1,4294
725,QJE,109,2,1,4294
726,QJE,96,2,1,4294
727,QJE,106,1,1,4294
728,QJE,110,4,1,4294
729,QJE,104,4,1,4294
730,QJE,112,1,1,4294
731,QJE,104,1,1,4294
732,QJE,110,3,1,4294
733,QJE,110,1,1,4294
734,QJE,107,3,1,4294
735,QJE,110,2,1,4294
736,QJE,109,1,1,4294
737,QJE,102,4,1,4294
738,QJE,112,4,1,4294
739,QJE,100,4,1,4294
740,QJE,111,1,1,4294
741,QJE,98,2,1,4294
742,QJE,94,4,1,4294
743,QJE,113,1,1,4294
744,QJE,95,1,1,4294
745,QJE,103,4,1,4294
746,QJE,94,2,1,4294
747,QJE,104,3,1,4294
748,QJE,96,1,1,4294
749,QJE,112,3,1,4294
750,QJE,113,3,1,4294
751,QJE,101,4,1,4294
752,QJE,108,1,1,4294
753,QJE,111,3,1,4294
754,QJE,109,3,1,4294
755,QJE,105,2,1,4294
756,QJE,102,2,1,4294
757,QJE,106,3,1,4294
758,QJE,112,2,1,4294
759,QJE,100,1,1,4294
760,QJE,111,4,1,4294
761,AER,84,3,1,4311
762,AER,77,1,1,4311
763,AER,78,4,1,4311
764,AER,76,4,1,4311
765,AER,79,4,1,4311
766,AER,77,5,1,4311
767,AER,83,5,1,4311
768,AER,81,5,1,4311
769,AER,84,1,1,4311
770,AER,84,4,1,4311
771,AER,89,5,1,4311
772,AER,85,3,1,4311
773,AER,87,3,1,4311
774,AER,91,3,1,4311
775,AER,88,1,1,4311
776,AER,83,1,1,4311
777,AER,89,3,1,4311
778,AER,91,1,1,4311
779,AER,77,3,1,4311
780,AER,82,1,1,4311
781,AER,80,1,1,4311
782,AER,85,4,1,4311
783,AER,90,4,1,4311
784,AER,79,3,1,4311
785,AER,86,5,1,4311
786,AER,90,5,1,4311
787,AER,87,1,1,4311
788,AER,86,4,1,4311
789,AER,90,1,1,4311
790,AER,85,5,1,4311
791,AER,82,5,1,4311
792,AER,76,3,1,4311
793,AER,78,5,1,4311
794,AER,86,1,1,4311
795,AER,77,4,1,4311
796,AER,78,1,1,4311
797,AER,82,3,1,4311
798,AER,89,1,1,4311
799,AER,86,3,1,4311
800,AER,81,3,1,4311
801,AER,90,3,1,4311
802,AER,85,1,1,4311
803,AER,80,5,1,4311
804,AER,80,3,1,4311
805,AER,76,5,1,4311
806,AER,78,3,1,4311
807,AER,80,4,1,4311
808,AER,81,4,1,4311
809,AER,83,4,1,4311
810,AER,84,5,1,4311
811,AER,87,5,1,4311
812,AER,82,4,1,4311
813,AER,79,5,1,4311
814,AER,89,4,1,4311
815,AER,79,1,1,4311
816,AER,81,1,1,4311
817,AER,87,4,1,4311
818,AER,102,6,1,4619
819,AER,103,7,1,4619
820,AER,101,4,1,4619
821,AER,105,11,1,4619
822,AER,101,5,1,4619
823,AER,104,2,1,4619
824,AER,105,10,1,4619
825,AER,105,3,1,4619
826,AER,105,6,1,4619
827,AER,103,4,1,4619
828,AER,102,4,1,4619
829,AER,105,12,1,4619
830,P&P,103,3,1,5955
831,AER,104,11,1,4619
832,AER,101,6,1,4619
833,P&P,101,3,1,896
834,AER,104,12,1,4619
835,P&P,105,5,1,4912
836,AER,102,2,1,4619
837,AER,105,1,1,4619
838,AER,105,7,1,4619
839,AER,101,7,1,4619
840,AER,104,4,1,4619
841,AER,104,10,1,4619
842,AER,101,1,1,4619
843,AER,101,2,1,4619
844,AER,105,2,1,4619
845,AER,102,1,1,4619
846,P&P,104,5,1,4805
847,AER,105,8,1,4619
848,AER,102,5,1,4619
849,AER,103,2,1,4619
850,AER,104,3,1,4619
851,AER,104,6,1,4619
852,AER,103,1,1,4619
853,AER,105,9,1,4619
854,AER,104,9,1,4619
855,AER,102,7,1,4619
856,AER,103,6,1,4619
857,AER,104,7,1,4619
858,AER,103,5,1,4619
859,P&P,102,3,1,961
860,AER,104,1,1,4619
861,AER,105,4,1,4619
862,QJE,130,1,1,4626
863,QJE,130,2,1,4626
864,QJE,130,4,1,4626
865,ECA,19,4,1,6468
866,ECA,19,3,1,6468
867,ECA,18,4,1,6468
868,ECA,19,1,1,6468
869,ECA,22,1,1,6468
870,ECA,19,2,1,6468
871,ECA,18,3,1,6468
872,ECA,22,2,1,6468
873,ECA,22,4,1,6468
874,QJE,94,3,1,4778
875,QJE,94,4,1,4778
876,QJE,94,1,1,4778
877,AER,99,5,1,4940
878,AER,95,4,1,4940
879,AER,100,1,1,4940
880,AER,100,3,1,4940
881,AER,100,5,1,4940
882,AER,97,4,1,4940
883,AER,97,1,1,4940
884,AER,96,3,1,4940
885,AER,99,1,1,4940
886,AER,96,1,1,4940
887,AER,96,4,1,4940
888,AER,95,3,1,4940
889,AER,95,5,1,4940
890,AER,98,5,1,4940
891,AER,99,3,1,4940
892,AER,97,5,1,4940
893,AER,98,4,1,4940
894,AER,98,3,1,4940
895,AER,96,5,1,4940
896,AER,94,4,1,4940
897,AER,98,1,1,4940
898,AER,95,1,1,4940
899,AER,99,4,1,4940
900,AER,97,3,1,4940
901,AER,94,5,1,4940
902,QJE,99,1,1,8781
903,QJE,98,4,1,8781
904,QJE,97,2,1,8781
905,QJE,97,3,1,8781
906,QJE,98,3,1,8781
907,QJE,94,2,1,8781
908,QJE,93,1,1,8781
909,QJE,94,4,1,8781
910,QJE,99,3,1,8781
911,QJE,98,2,1,8781
912,QJE,98,1,1,8781
913,QJE,98,Supplement,1,8781
914,QJE,95,3,1,8781
915,QJE,95,1,1,8781
916,QJE,95,2,1,8781
917,QJE,96,3,1,8781
918,QJE,95,4,1,8781
919,QJE,99,4,1,8781
920,QJE,96,4,1,8781
921,QJE,97,4,1,8781
922,QJE,96,1,1,8781
923,QJE,96,2,1,8781
924,QJE,94,3,1,8781
925,QJE,94,1,1,8781
926,QJE,97,1,1,8781
927,ECA,24,2,1,7156
928,ECA,29,4,1,7156
929,ECA,30,1,1,7156
930,ECA,25,2,1,7156
931,ECA,30,2,1,7156
932,ECA,24,3,1,7156
933,ECA,35,2,1,7156
934,ECA,25,3,1,7156
935,ECA,26,3,1,7156
936,ECA,34,3,1,7156
937,ECA,30,4,1,7156
938,ECA,23,3,1,7156
939,ECA,34,2,1,7156
940,ECA,31,1/2,1,7156
941,ECA,35,1,1,7156
942,ECA,28,2,1,7156
943,ECA,27,3,1,7156
944,ECA,28,4,1,7156
945,ECA,26,1,1,7156
946,ECA,35,3/4,1,7156
947,ECA,31,4,1,7156
948,ECA,23,2,1,7156
949,ECA,27,1,1,7156
950,ECA,24,1,1,7156
951,ECA,29,2,1,7156
952,ECA,33,4,1,7156
953,ECA,28,3,1,7156
954,ECA,32,1/2,1,7156
955,ECA,34,1,1,7156
956,ECA,26,2,1,7156
957,ECA,23,1,1,7156
958,ECA,33,1,1,7156
959,ECA,27,2,1,7156
960,ECA,27,4,1,7156
961,ECA,33,2,1,7156
962,ECA,33,3,1,7156
963,ECA,25,1,1,7156
964,ECA,26,4,1,7156
965,ECA,36,2,1,7156
966,ECA,29,3,1,7156
967,ECA,36,1,1,7156
968,ECA,30,3,1,7156
969,ECA,34,4,1,7156
970,ECA,31,3,1,7156
971,ECA,25,4,1,7156
972,ECA,32,3,1,7156
973,ECA,24,4,1,7156
974,ECA,23,4,1,7156
975,ECA,29,1,1,7156
976,QJE,127,3,1,4904
977,QJE,125,2,1,4904
978,QJE,123,1,1,4904
979,QJE,123,3,1,4904
980,QJE,122,1,1,4904
981,QJE,126,2,1,4904
982,QJE,126,1,1,4904
983,QJE,124,2,1,4904
984,QJE,125,1,1,4904
985,QJE,125,3,1,4904
986,QJE,127,4,1,4904
987,QJE,123,2,1,4904
988,QJE,126,3,1,4904
989,QJE,124,3,1,4904
990,QJE,124,4,1,4904
991,QJE,126,4,1,4904
992,QJE,128,4,1,4904
993,QJE,120,3,1,4904
994,QJE,122,2,1,4904
995,QJE,128,1,1,4904
996,QJE,125,4,1,4904
997,QJE,127,1,1,4904
998,QJE,129,3,1,4904
999,QJE,127,2,1,4904
1000,QJE,129,2,1,4904
1001,QJE,121,2,1,4904
1002,QJE,125,Supplement,1,4904
1003,QJE,122,3,1,4904
1004,QJE,121,1,1,4904
1005,QJE,122,4,1,4904
1006,QJE,128,3,1,4904
1007,QJE,130,2,1,4904
1008,QJE,128,2,1,4904
1009,QJE,121,3,1,4904
1010,QJE,120,1,1,4904
1011,QJE,120,2,1,4904
1012,QJE,120,4,1,4904
1013,QJE,124,1,1,4904
1014,QJE,130,1,1,4904
1015,QJE,129,1,1,4904
1016,QJE,123,4,1,4904
1017,QJE,121,4,1,4904
1018,QJE,129,4,1,4904
1019,QJE,130,4,1,4904
1020,ECA,78,1,1,5437
1021,ECA,76,1,1,5437
1022,ECA,76,5,1,5437
1023,ECA,79,2,1,5437
1024,ECA,77,3,1,5437
1025,ECA,77,6,1,5437
1026,ECA,76,6,1,5437
1027,ECA,77,2,1,5437
1028,ECA,76,4,1,5437
1029,ECA,75,6,1,5437
1030,ECA,77,5,1,5437
1031,ECA,76,2,1,5437
1032,ECA,78,4,1,5437
1033,ECA,76,3,1,5437
1034,ECA,77,1,1,5437
1035,ECA,77,4,1,5437
1036,ECA,79,3,1,5437
1037,ECA,78,2,1,5437
1038,ECA,75,4,1,5437
1039,ECA,78,6,1,5437
1040,ECA,78,5,1,5437
1041,ECA,79,1,1,5437
1042,ECA,78,3,1,5437
1043,JPE,123,1,1,2114
1044,JPE,123,2,1,2114
1045,JPE,123,3,1,2114
1046,JPE,123,4,1,2114
1047,JPE,123,5,1,2114
1048,JPE,123,6,1,2114
1049,JPE,122,1,1,2114
1050,JPE,122,2,1,2114
1051,JPE,122,3,1,2114
1052,JPE,122,4,1,2114
1053,JPE,122,5,1,2114
1054,JPE,122,6,1,2114
1055,JPE,121,1,1,2114
1056,JPE,121,2,1,2114
1057,JPE,121,3,1,2114
1058,JPE,121,4,1,2114
1059,JPE,121,3,1,4564
1060,JPE,121,2,1,4564
1061,JPE,121,1,1,4564
1062,JPE,120,2,1,4564
1063,JPE,120,3,1,4564
1064,JPE,120,4,1,4564
1065,JPE,120,5,1,4564
1066,JPE,120,6,1,4564
1067,JPE,120,1,1,2457
1068,JPE,120,1,1,6813
1069,JPE,120,1,1,1341
1070,JPE,120,1,1,4106
1071,JPE,120,1,1,4564
1072,JPE,120,1,1,4956
1073,JPE,119,1,1,2457
1074,JPE,119,1,1,6813
1075,JPE,119,1,1,1341
1076,JPE,119,1,1,4106
1077,JPE,119,1,1,4564
1078,JPE,119,1,1,4956
1079,JPE,119,2,1,2457
1080,JPE,119,2,1,6813
1081,JPE,119,2,1,1341
1082,JPE,119,2,1,4106
1083,JPE,119,2,1,4564
1084,JPE,119,2,1,4956
1085,JPE,119,3,1,2457
1086,JPE,119,3,1,6813
1087,JPE,119,3,1,1341
1088,JPE,119,3,1,4106
1089,JPE,119,3,1,4564
1090,JPE,119,3,1,4956
1091,JPE,119,4,1,2457
1092,JPE,119,4,1,6813
1093,JPE,119,4,1,1341
1094,JPE,119,4,1,4106
1095,JPE,119,4,1,4564
1096,JPE,119,4,1,4956
1097,JPE,119,5,1,2457
1098,JPE,119,5,1,6813
1099,JPE,119,5,1,1341
1100,JPE,119,5,1,4106
1101,JPE,119,5,1,4564
1102,JPE,119,5,1,4956
1103,JPE,119,6,1,2457
1104,JPE,119,6,1,6813
1105,JPE,119,6,1,1341
1106,JPE,119,6,1,4106
1107,JPE,119,6,1,4564
1108,JPE,119,6,1,4956
1109,JPE,116,1,1,6813
1110,JPE,116,1,1,1341
1111,JPE,116,1,1,4106
1112,JPE,116,1,1,712
1113,JPE,116,1,1,4956
1114,JPE,116,2,1,6813
1115,JPE,116,2,1,1341
1116,JPE,116,2,1,4106
1117,JPE,116,2,1,712
1118,JPE,116,2,1,4956
1119,JPE,116,3,1,6813
1120,JPE,116,3,1,1341
1121,JPE,116,3,1,4106
1122,JPE,116,3,1,712
1123,JPE,116,3,1,4956
1124,JPE,116,4,1,6813
1125,JPE,116,4,1,1341
1126,JPE,116,4,1,4106
1127,JPE,116,4,1,712
1128,JPE,116,4,1,4956
1129,JPE,116,5,1,6813
1130,JPE,116,5,1,1341
1131,JPE,116,5,1,4106
1132,JPE,116,5,1,712
1133,JPE,116,5,1,4956
1134,JPE,116,6,1,6813
1135,JPE,116,6,1,1341
1136,JPE,116,6,1,4106
1137,JPE,116,6,1,712
1138,JPE,116,6,1,4956
1139,JPE,117,1,1,6813
1140,JPE,117,1,1,1341
1141,JPE,117,1,1,4106
1142,JPE,117,1,1,712
1143,JPE,117,1,1,4956
1144,JPE,117,2,1,6813
1145,JPE,117,2,1,1341
1146,JPE,117,2,1,4106
1147,JPE,117,2,1,712
1148,JPE,117,2,1,4956
1149,JPE,117,3,1,6813
1150,JPE,117,3,1,1341
1151,JPE,117,3,1,4106
1152,JPE,117,3,1,712
1153,JPE,117,3,1,4956
1154,JPE,117,4,1,6813
1155,JPE,117,4,1,1341
1156,JPE,117,4,1,4106
1157,JPE,117,4,1,712
1158,JPE,117,4,1,4956
1159,JPE,117,5,1,6813
1160,JPE,117,5,1,1341
1161,JPE,117,5,1,4106
1162,JPE,117,5,1,712
1163,JPE,117,5,1,4956
1164,JPE,117,6,1,6813
1165,JPE,117,6,1,1341
1166,JPE,117,6,1,4106
1167,JPE,117,6,1,712
1168,JPE,117,6,1,4956
1169,JPE,118,1,1,6813
1170,JPE,118,1,1,1341
1171,JPE,118,1,1,4106
1172,JPE,118,1,1,712
1173,JPE,118,1,1,4956
1174,JPE,118,2,1,6813
1175,JPE,118,2,1,1341
1176,JPE,118,2,1,4106
1177,JPE,118,2,1,712
1178,JPE,118,2,1,4956
1179,JPE,118,3,1,6813
1180,JPE,118,3,1,1341
1181,JPE,118,3,1,4106
1182,JPE,118,3,1,712
1183,JPE,118,3,1,4956
1184,JPE,118,4,1,6813
1185,JPE,118,4,1,1341
1186,JPE,118,4,1,4106
1187,JPE,118,4,1,712
1188,JPE,118,4,1,4956
1189,JPE,118,5,1,6813
1190,JPE,118,5,1,1341
1191,JPE,118,5,1,4106
1192,JPE,118,5,1,712
1193,JPE,118,5,1,4956
1194,JPE,118,6,1,6813
1195,JPE,118,6,1,1341
1196,JPE,118,6,1,4106
1197,JPE,118,6,1,712
1198,JPE,118,6,1,4956
1199,JPE,114,1,1,5471
1200,JPE,114,1,1,4106
1201,JPE,114,1,1,712
1202,JPE,114,1,1,4956
1203,JPE,114,1,1,4149
1204,JPE,114,2,1,5471
1205,JPE,114,2,1,4106
1206,JPE,114,2,1,712
1207,JPE,114,2,1,4956
1208,JPE,114,2,1,4149
1209,JPE,114,3,1,5471
1210,JPE,114,3,1,4106
1211,JPE,114,3,1,712
1212,JPE,114,3,1,4956
1213,JPE,114,3,1,4149
1214,JPE,114,4,1,5471
1215,JPE,114,4,1,4106
1216,JPE,114,4,1,712
1217,JPE,114,4,1,4956
1218,JPE,114,4,1,4149
1219,JPE,114,5,1,5471
1220,JPE,114,5,1,4106
1221,JPE,114,5,1,712
1222,JPE,114,5,1,4956
1223,JPE,114,5,1,4149
1224,JPE,114,6,1,5471
1225,JPE,114,6,1,4106
1226,JPE,114,6,1,712
1227,JPE,114,6,1,4956
1228,JPE,114,6,1,4149
1229,JPE,115,1,1,5471
1230,JPE,115,1,1,4106
1231,JPE,115,1,1,712
1232,JPE,115,1,1,4956
1233,JPE,115,1,1,4149
1234,JPE,115,2,1,5471
1235,JPE,115,2,1,4106
1236,JPE,115,2,1,712
1237,JPE,115,2,1,4956
1238,JPE,115,2,1,4149
1239,JPE,115,3,1,5471
1240,JPE,115,3,1,4106
1241,JPE,115,3,1,712
1242,JPE,115,3,1,4956
1243,JPE,115,3,1,4149
1244,JPE,115,4,1,5471
1245,JPE,115,4,1,4106
1246,JPE,115,4,1,712
1247,JPE,115,4,1,4956
1248,JPE,115,4,1,4149
1249,JPE,115,5,1,5471
1250,JPE,115,5,1,4106
1251,JPE,115,5,1,712
1252,JPE,115,5,1,4956
1253,JPE,115,5,1,4149
1254,JPE,115,6,1,5471
1255,JPE,115,6,1,4106
1256,JPE,115,6,1,712
1257,JPE,115,6,1,4956
1258,JPE,115,6,1,4149
1259,JPE,113,1,1,325
1260,JPE,113,1,1,5471
1261,JPE,113,1,1,712
1262,JPE,113,1,1,4956
1263,JPE,113,1,1,4149
1264,JPE,113,2,1,325
1265,JPE,113,2,1,5471
1266,JPE,113,2,1,712
1267,JPE,113,2,1,4956
1268,JPE,113,2,1,4149
1269,JPE,113,3,1,325
1270,JPE,113,3,1,5471
1271,JPE,113,3,1,712
1272,JPE,113,3,1,4956
1273,JPE,113,3,1,4149
1274,JPE,113,4,1,325
1275,JPE,113,4,1,5471
1276,JPE,113,4,1,712
1277,JPE,113,4,1,4956
1278,JPE,113,4,1,4149
1279,JPE,113,5,1,325
1280,JPE,113,5,1,5471
1281,JPE,113,5,1,712
1282,JPE,113,5,1,4956
1283,JPE,113,5,1,4149
1284,JPE,113,6,1,325
1285,JPE,113,6,1,5471
1286,JPE,113,6,1,712
1287,JPE,113,6,1,4956
1288,JPE,113,6,1,4149
1289,JPE,112,1,1,4322
1290,JPE,112,1,1,325
1291,JPE,112,1,1,5471
1292,JPE,112,1,1,712
1293,JPE,112,1,1,4956
1294,JPE,112,1,1,4149
1295,JPE,112,2,1,4322
1296,JPE,112,2,1,325
1297,JPE,112,2,1,5471
1298,JPE,112,2,1,712
1299,JPE,112,2,1,4956
1300,JPE,112,2,1,4149
1301,JPE,112,3,1,4322
1302,JPE,112,3,1,325
1303,JPE,112,3,1,5471
1304,JPE,112,3,1,712
1305,JPE,112,3,1,4956
1306,JPE,112,3,1,4149
1307,JPE,112,4,1,4322
1308,JPE,112,4,1,325
1309,JPE,112,4,1,5471
1310,JPE,112,4,1,712
1311,JPE,112,4,1,4956
1312,JPE,112,4,1,4149
1313,JPE,112,5,1,4322
1314,JPE,112,5,1,325
1315,JPE,112,5,1,5471
1316,JPE,112,5,1,712
1317,JPE,112,5,1,4956
1318,JPE,112,5,1,4149
1319,JPE,112,6,1,4322
1320,JPE,112,6,1,325
1321,JPE,112,6,1,5471
1322,JPE,112,6,1,712
1323,JPE,112,6,1,4956
1324,JPE,112,6,1,4149
1325,JPE,111,1,1,1736
1326,JPE,111,1,1,4322
1327,JPE,111,1,1,2820
1328,JPE,111,1,1,5471
1329,JPE,111,2,1,1736
1330,JPE,111,2,1,4322
1331,JPE,111,2,1,2820
1332,JPE,111,2,1,5471
1333,JPE,111,3,1,1736
1334,JPE,111,3,1,4322
1335,JPE,111,3,1,2820
1336,JPE,111,3,1,5471
1337,JPE,111,4,1,1736
1338,JPE,111,4,1,4322
1339,JPE,111,4,1,2820
1340,JPE,111,4,1,5471
1341,JPE,111,5,1,1736
1342,JPE,111,5,1,4322
1343,JPE,111,5,1,2820
1344,JPE,111,5,1,5471
1345,JPE,111,6,1,1736
1346,JPE,111,6,1,4322
1347,JPE,111,6,1,2820
1348,JPE,111,6,1,5471
1349,JPE,110,1,1,1736
1350,JPE,110,1,1,4322
1351,JPE,110,1,1,2820
1352,JPE,110,1,1,5471
1353,JPE,110,1,1,6592
1354,JPE,110,1,1,4898
1355,JPE,110,2,1,1736
1356,JPE,110,2,1,4322
1357,JPE,110,2,1,2820
1358,JPE,110,2,1,5471
1359,JPE,110,2,1,6592
1360,JPE,110,2,1,4898
1361,JPE,110,3,1,1736
1362,JPE,110,3,1,4322
1363,JPE,110,3,1,2820
1364,JPE,110,3,1,5471
1365,JPE,110,3,1,6592
1366,JPE,110,3,1,4898
1367,JPE,110,4,1,1736
1368,JPE,110,4,1,4322
1369,JPE,110,4,1,2820
1370,JPE,110,4,1,5471
1371,JPE,110,4,1,6592
1372,JPE,110,4,1,4898
1373,JPE,110,5,1,1736
1374,JPE,110,5,1,4322
1375,JPE,110,5,1,2820
1376,JPE,110,5,1,5471
1377,JPE,110,5,1,6592
1378,JPE,110,5,1,4898
1379,JPE,110,6,1,1736
1380,JPE,110,6,1,4322
1381,JPE,110,6,1,2820
1382,JPE,110,6,1,5471
1383,JPE,110,6,1,6592
1384,JPE,110,6,1,4898
1385,JPE,107,1,1,2820
1386,JPE,107,1,1,3381
1387,JPE,107,1,1,6592
1388,JPE,107,1,1,5289
1389,JPE,107,1,1,4898
1390,JPE,107,2,1,2820
1391,JPE,107,2,1,3381
1392,JPE,107,2,1,6592
1393,JPE,107,2,1,5289
1394,JPE,107,2,1,4898
1395,JPE,107,3,1,2820
1396,JPE,107,3,1,3381
1397,JPE,107,3,1,6592
1398,JPE,107,3,1,5289
1399,JPE,107,3,1,4898
1400,JPE,107,4,1,2820
1401,JPE,107,4,1,3381
1402,JPE,107,4,1,6592
1403,JPE,107,4,1,5289
1404,JPE,107,4,1,4898
1405,JPE,107,5,1,2820
1406,JPE,107,5,1,3381
1407,JPE,107,5,1,6592
1408,JPE,107,5,1,5289
1409,JPE,107,5,1,4898
1410,JPE,107,6,1,2820
1411,JPE,107,6,1,3381
1412,JPE,107,6,1,6592
1413,JPE,107,6,1,5289
1414,JPE,107,6,1,4898
1415,JPE,108,1,1,2820
1416,JPE,108,1,1,3381
1417,JPE,108,1,1,6592
1418,JPE,108,1,1,5289
1419,JPE,108,1,1,4898
1420,JPE,108,2,1,2820
1421,JPE,108,2,1,3381
1422,JPE,108,2,1,6592
1423,JPE,108,2,1,5289
1424,JPE,108,2,1,4898
1425,JPE,108,3,1,2820
1426,JPE,108,3,1,3381
1427,JPE,108,3,1,6592
1428,JPE,108,3,1,5289
1429,JPE,108,3,1,4898
1430,JPE,108,4,1,2820
1431,JPE,108,4,1,3381
1432,JPE,108,4,1,6592
1433,JPE,108,4,1,5289
1434,JPE,108,4,1,4898
1435,JPE,108,5,1,2820
1436,JPE,108,5,1,3381
1437,JPE,108,5,1,6592
1438,JPE,108,5,1,5289
1439,JPE,108,5,1,4898
1440,JPE,108,6,1,2820
1441,JPE,108,6,1,3381
1442,JPE,108,6,1,6592
1443,JPE,108,6,1,5289
1444,JPE,108,6,1,4898
1445,JPE,109,1,1,2820
1446,JPE,109,1,1,3381
1447,JPE,109,1,1,6592
1448,JPE,109,1,1,5289
1449,JPE,109,1,1,4898
1450,JPE,109,2,1,2820
1451,JPE,109,2,1,3381
1452,JPE,109,2,1,6592
1453,JPE,109,2,1,5289
1454,JPE,109,2,1,4898
1455,JPE,109,3,1,2820
1456,JPE,109,3,1,3381
1457,JPE,109,3,1,6592
1458,JPE,109,3,1,5289
1459,JPE,109,3,1,4898
1460,JPE,109,4,1,2820
1461,JPE,109,4,1,3381
1462,JPE,109,4,1,6592
1463,JPE,109,4,1,5289
1464,JPE,109,4,1,4898
1465,JPE,109,5,1,2820
1466,JPE,109,5,1,3381
1467,JPE,109,5,1,6592
1468,JPE,109,5,1,5289
1469,JPE,109,5,1,4898
1470,JPE,109,6,1,2820
1471,JPE,109,6,1,3381
1472,JPE,109,6,1,6592
1473,JPE,109,6,1,5289
1474,JPE,109,6,1,4898
1475,JPE,107,S6,1,2820
1476,JPE,107,S6,1,3381
1477,JPE,107,S6,1,6592
1478,JPE,107,S6,1,5289
1479,JPE,107,S6,1,4898
1480,JPE,112,S1,1,4322
1481,JPE,112,S1,1,325
1482,JPE,112,S1,1,5471
1483,JPE,112,S1,1,712
1484,JPE,112,S1,1,4956
1485,JPE,112,S1,1,4149
1486,JPE,101,2,1,1875
1487,JPE,81,3,1,1913
1488,JPE,82,5,1,2122
1489,JPE,90,4,1,2375
1490,JPE,91,3,1,2457
1491,JPE,102,5,1,6281
1492,JPE,105,1,1,3381
1493,JPE,76,5,1,6326
1494,JPE,89,3,1,6592
1495,JPE,91,5,1,4904
1496,JPE,79,1,1,4905
1497,JPE,96,4,1,4933
1498,JPE,102,1,1,4898
1499,JPE,95,1,1,5147
1500,JPE,102,3,1,5289
1501,JPE,102,2,1,1875
1502,JPE,102,5,1,1875
1503,JPE,102,4,1,1875
1504,JPE,101,3,1,1875
1505,JPE,101,5,1,1875
1506,JPE,102,3,1,1875
1507,JPE,100,6,1,1875
1508,JPE,101,6,1,1875
1509,JPE,102,6,1,1875
1510,JPE,100,5,1,1875
1511,JPE,100,4,1,1875
1512,JPE,101,1,1,1875
1513,JPE,102,1,1,1875
1514,JPE,101,4,1,1875
1515,JPE,100,3,1,1875
1516,JPE,95,6,1,1913
1517,JPE,98,4,1,1913
1518,JPE,94,5,1,1913
1519,JPE,90,6,1,1913
1520,JPE,98,1,1,1913
1521,JPE,89,4,1,1913
1522,JPE,91,6,1,1913
1523,JPE,86,2,1,1913
1524,JPE,83,5,1,1913
1525,JPE,98,3,1,1913
1526,JPE,92,3,1,1913
1527,JPE,97,1,1,1913
1528,JPE,100,2,1,1913
1529,JPE,83,2,1,1913
1530,JPE,81,5,1,1913
1531,JPE,91,5,1,1913
1532,JPE,83,3,1,1913
1533,JPE,81,6,1,1913
1534,JPE,99,3,1,1913
1535,JPE,90,3,1,1913
1536,JPE,87,1,1,1913
1537,JPE,97,6,1,1913
1538,JPE,87,6,1,1913
1539,JPE,92,4,1,1913
1540,JPE,87,4,1,1913
1541,JPE,95,1,1,1913
1542,JPE,89,3,1,1913
1543,JPE,95,3,1,1913
1544,JPE,88,1,1,1913
1545,JPE,99,4,1,1913
1546,JPE,91,1,1,1913
1547,JPE,91,4,1,1913
1548,JPE,91,3,1,1913
1549,JPE,87,3,1,1913
1550,JPE,88,2,1,1913
1551,JPE,98,6,1,1913
1552,JPE,94,4,1,1913
1553,JPE,94,6,1,1913
1554,JPE,92,2,1,1913
1555,JPE,84,3,1,1913
1556,JPE,95,5,1,1913
1557,JPE,88,3,1,1913
1558,JPE,93,4,1,1913
1559,JPE,94,1,1,1913
1560,JPE,88,4,1,1913
1561,JPE,83,1,1,1913
1562,JPE,86,2,2,1913
1563,JPE,82,6,1,1913
1564,JPE,82,3,1,1913
1565,JPE,94,3,1,1913
1566,JPE,87,2,1,1913
1567,JPE,99,5,1,1913
1568,JPE,83,6,1,1913
1569,JPE,89,5,1,1913
1570,JPE,85,2,1,1913
1571,JPE,88,5,1,1913
1572,JPE,88,6,1,1913
1573,JPE,86,3,1,1913
1574,JPE,89,2,1,1913
1575,JPE,90,5,1,1913
1576,JPE,85,4,1,1913
1577,JPE,93,6,1,1913
1578,JPE,98,2,1,1913
1579,JPE,87,5,1,1913
1580,JPE,93,5,1,1913
1581,JPE,82,1,1,1913
1582,JPE,85,6,1,1913
1583,JPE,96,6,1,1913
1584,JPE,98,5,1,1913
1585,JPE,93,3,1,1913
1586,JPE,95,2,1,1913
1587,JPE,97,5,1,1913
1588,JPE,89,6,1,1913
1589,JPE,95,4,1,1913
1590,JPE,97,3,1,1913
1591,JPE,85,3,1,1913
1592,JPE,91,2,1,1913
1593,JPE,82,5,1,1913
1594,JPE,81,2,1,1913
1595,JPE,85,5,1,1913
1596,JPE,92,1,1,1913
1597,JPE,84,1,1,1913
1598,JPE,93,1,1,1913
1599,JPE,92,6,1,1913
1600,JPE,96,5,1,1913
1601,JPE,82,2,1,1913
1602,JPE,96,3,1,1913
1603,JPE,83,4,1,1913
1604,JPE,97,4,1,1913
1605,JPE,84,4,1,1913
1606,JPE,89,1,1,1913
1607,JPE,84,5,1,1913
1608,JPE,96,4,1,1913
1609,JPE,92,5,1,1913
1610,JPE,86,5,1,1913
1611,JPE,96,2,1,1913
1612,JPE,90,2,1,1913
1613,JPE,84,6,1,1913
1614,JPE,97,2,1,1913
1615,JPE,90,4,1,1913
1616,JPE,81,1,1,1913
1617,JPE,81,4,1,1913
1618,JPE,90,1,1,1913
1619,JPE,94,2,1,1913
1620,JPE,99,2,1,1913
1621,JPE,99,6,1,1913
1622,JPE,86,6,1,1913
1623,JPE,85,1,1,1913
1624,JPE,99,1,1,1913
1625,JPE,84,2,1,1913
1626,JPE,100,1,1,1913
1627,JPE,82,4,1,1913
1628,JPE,96,1,1,1913
1629,JPE,86,1,1,1913
1630,JPE,86,4,1,1913
1631,JPE,93,2,1,1913
1632,JPE,82,6,1,2122
1633,JPE,79,5,1,2122
1634,JPE,74,3,1,2122
1635,JPE,80,2,1,2122
1636,JPE,73,6,1,2122
1637,JPE,73,1,1,2122
1638,JPE,74,6,1,2122
1639,JPE,78,6,1,2122
1640,JPE,80,6,1,2122
1641,JPE,82,4,1,2122
1642,JPE,81,6,1,2122
1643,JPE,81,1,1,2122
1644,JPE,79,2,1,2122
1645,JPE,73,3,1,2122
1646,JPE,79,4,1,2122
1647,JPE,81,4,1,2122
1648,JPE,83,1,1,2122
1649,JPE,78,1,1,2122
1650,JPE,80,5,1,2122
1651,JPE,83,2,1,2122
1652,JPE,74,1,1,2122
1653,JPE,80,1,1,2122
1654,JPE,73,4,1,2122
1655,JPE,82,2,1,2122
1656,JPE,81,5,1,2122
1657,JPE,84,3,1,2122
1658,JPE,79,1,1,2122
1659,JPE,85,2,1,2122
1660,JPE,78,2,1,2122
1661,JPE,84,2,1,2122
1662,JPE,74,2,1,2122
1663,JPE,83,3,1,2122
1664,JPE,79,3,1,2122
1665,JPE,85,4,1,2122
1666,JPE,84,5,1,2122
1667,JPE,85,1,1,2122
1668,JPE,80,4,1,2122
1669,JPE,83,4,1,2122
1670,JPE,73,5,1,2122
1671,JPE,78,4,1,2122
1672,JPE,85,3,1,2122
1673,JPE,82,3,1,2122
1674,JPE,84,1,1,2122
1675,JPE,78,3,1,2122
1676,JPE,82,1,1,2122
1677,JPE,73,2,1,2122
1678,JPE,74,5,1,2122
1679,JPE,74,4,1,2122
1680,JPE,84,4,1,2122
1681,JPE,84,6,1,2122
1682,JPE,85,6,1,2122
1683,JPE,81,2,1,2122
1684,JPE,83,6,1,2122
1685,JPE,81,3,1,2122
1686,JPE,77,6,1,2122
1687,JPE,78,5,1,2122
1688,JPE,79,6,1,2122
1689,JPE,80,3,1,2122
1690,JPE,83,5,1,2122
1691,JPE,91,5,1,2375
1692,JPE,88,2,1,2375
1693,JPE,89,3,1,2375
1694,JPE,89,6,1,2375
1695,JPE,86,1,1,2375
1696,JPE,86,6,1,2375
1697,JPE,84,4,1,2375
1698,JPE,84,1,1,2375
1699,JPE,91,2,1,2375
1700,JPE,86,4,1,2375
1701,JPE,87,4,1,2375
1702,JPE,87,3,1,2375
1703,JPE,83,6,1,2375
1704,JPE,87,5,1,2375
1705,JPE,87,1,1,2375
1706,JPE,87,2,1,2375
1707,JPE,84,3,1,2375
1708,JPE,91,1,1,2375
1709,JPE,85,3,1,2375
1710,JPE,87,6,1,2375
1711,JPE,84,5,1,2375
1712,JPE,90,1,1,2375
1713,JPE,85,5,1,2375
1714,JPE,86,5,1,2375
1715,JPE,89,4,1,2375
1716,JPE,90,3,1,2375
1717,JPE,89,2,1,2375
1718,JPE,91,3,1,2375
1719,JPE,88,6,1,2375
1720,JPE,89,1,1,2375
1721,JPE,85,1,1,2375
1722,JPE,91,4,1,2375
1723,JPE,84,6,1,2375
1724,JPE,90,6,1,2375
1725,JPE,90,2,1,2375
1726,JPE,85,4,1,2375
1727,JPE,90,5,1,2375
1728,JPE,88,3,1,2375
1729,JPE,88,4,1,2375
1730,JPE,84,2,1,2375
1731,JPE,89,5,1,2375
1732,JPE,86,2,1,2375
1733,JPE,86,3,1,2375
1734,JPE,88,5,1,2375
1735,JPE,88,1,1,2375
1736,JPE,85,2,1,2375
1737,JPE,86,2,2,2375
1738,JPE,91,6,1,2375
1739,JPE,85,6,1,2375
1740,JPE,93,6,1,2457
1741,JPE,91,1,1,2457
1742,JPE,92,5,1,2457
1743,JPE,90,1,1,2457
1744,JPE,95,3,1,2457
1745,JPE,95,1,1,2457
1746,JPE,94,2,1,2457
1747,JPE,90,2,1,2457
1748,JPE,90,3,1,2457
1749,JPE,93,1,1,2457
1750,JPE,90,4,1,2457
1751,JPE,90,5,1,2457
1752,JPE,93,5,1,2457
1753,JPE,91,5,1,2457
1754,JPE,91,6,1,2457
1755,JPE,94,3,1,2457
1756,JPE,92,2,1,2457
1757,JPE,92,4,1,2457
1758,JPE,91,2,1,2457
1759,JPE,93,3,1,2457
1760,JPE,94,6,1,2457
1761,JPE,90,6,1,2457
1762,JPE,93,4,1,2457
1763,JPE,95,6,1,2457
1764,JPE,92,1,1,2457
1765,JPE,92,3,1,2457
1766,JPE,95,4,1,2457
1767,JPE,95,5,1,2457
1768,JPE,94,5,1,2457
1769,JPE,93,2,1,2457
1770,JPE,91,4,1,2457
1771,JPE,94,1,1,2457
1772,JPE,94,4,1,2457
1773,JPE,95,2,1,2457
1774,JPE,92,6,1,2457
1775,JPE,96,4,1,6281
1776,JPE,103,3,1,6281
1777,JPE,99,2,1,6281
1778,JPE,100,4,1,6281
1779,JPE,93,3,1,6281
1780,JPE,102,1,1,6281
1781,JPE,100,3,1,6281
1782,JPE,98,3,1,6281
1783,JPE,95,3,1,6281
1784,JPE,91,6,1,6281
1785,JPE,103,4,1,6281
1786,JPE,99,1,1,6281
1787,JPE,98,5,1,6281
1788,JPE,101,4,1,6281
1789,JPE,98,1,1,6281
1790,JPE,101,1,1,6281
1791,JPE,93,4,1,6281
1792,JPE,100,1,1,6281
1793,JPE,95,1,1,6281
1794,JPE,93,1,1,6281
1795,JPE,104,1,1,6281
1796,JPE,93,2,1,6281
1797,JPE,97,5,1,6281
1798,JPE,92,2,1,6281
1799,JPE,99,6,1,6281
1800,JPE,102,4,1,6281
1801,JPE,91,5,1,6281
1802,JPE,100,5,1,6281
1803,JPE,102,3,1,6281
1804,JPE,91,3,1,6281
1805,JPE,95,5,1,6281
1806,JPE,95,6,1,6281
1807,JPE,92,3,1,6281
1808,JPE,101,6,1,6281
1809,JPE,92,6,1,6281
1810,JPE,98,6,1,6281
1811,JPE,93,6,1,6281
1812,JPE,96,3,1,6281
1813,JPE,103,1,1,6281
1814,JPE,94,1,1,6281
1815,JPE,92,5,1,6281
1816,JPE,91,4,1,6281
1817,JPE,98,4,1,6281
1818,JPE,92,1,1,6281
1819,JPE,96,1,1,6281
1820,JPE,96,2,1,6281
1821,JPE,101,5,1,6281
1822,JPE,103,5,1,6281
1823,JPE,94,6,1,6281
1824,JPE,94,3,1,6281
1825,JPE,99,5,1,6281
1826,JPE,101,3,1,6281
1827,JPE,92,4,1,6281
1828,JPE,102,6,1,6281
1829,JPE,98,2,1,6281
1830,JPE,100,2,1,6281
1831,JPE,99,4,1,6281
1832,JPE,99,3,1,6281
1833,JPE,102,2,1,6281
1834,JPE,93,5,1,6281
1835,JPE,94,4,1,6281
1836,JPE,100,6,1,6281
1837,JPE,101,2,1,6281
1838,JPE,94,5,1,6281
1839,JPE,94,2,1,6281
1840,JPE,97,6,1,6281
1841,JPE,95,4,1,6281
1842,JPE,103,6,1,6281
1843,JPE,103,2,1,6281
1844,JPE,95,2,1,6281
1845,JPE,103,2,1,3381
1846,JPE,104,6,1,3381
1847,JPE,104,5,1,3381
1848,JPE,104,1,1,3381
1849,JPE,104,3,1,3381
1850,JPE,103,4,1,3381
1851,JPE,103,3,1,3381
1852,JPE,103,5,1,3381
1853,JPE,104,4,1,3381
1854,JPE,104,2,1,3381
1855,JPE,103,6,1,3381
1856,JPE,78,1,1,6326
1857,JPE,78,3,1,6326
1858,JPE,78,5,1,6326
1859,JPE,77,6,1,6326
1860,JPE,77,1,1,6326
1861,JPE,78,6,1,6326
1862,JPE,75,2,1,6326
1863,JPE,75,6,1,6326
1864,JPE,75,5,1,6326
1865,JPE,76,4,1,6326
1866,JPE,78,2,1,6326
1867,JPE,76,2,1,6326
1868,JPE,75,4,1,6326
1869,JPE,77,3,1,6326
1870,JPE,76,3,1,6326
1871,JPE,78,4,1,6326
1872,JPE,77,5,1,6326
1873,JPE,76,1,1,6326
1874,JPE,77,4,1,6326
1875,JPE,75,1,1,6326
1876,JPE,76,6,1,6326
1877,JPE,77,2,1,6326
1878,JPE,75,3,1,6326
1879,JPE,102,6,1,6592
1880,JPE,98,1,1,6592
1881,JPE,98,5,1,6592
1882,JPE,101,6,1,6592
1883,JPE,86,5,1,6592
1884,JPE,97,4,1,6592
1885,JPE,101,5,1,6592
1886,JPE,86,4,1,6592
1887,JPE,86,2,1,6592
1888,JPE,86,3,1,6592
1889,JPE,88,4,1,6592
1890,JPE,100,2,1,6592
1891,JPE,100,4,1,6592
1892,JPE,105,1,1,6592
1893,JPE,87,5,1,6592
1894,JPE,88,5,1,6592
1895,JPE,100,5,1,6592
1896,JPE,102,2,1,6592
1897,JPE,87,1,1,6592
1898,JPE,99,1,1,6592
1899,JPE,102,1,1,6592
1900,JPE,104,2,1,6592
1901,JPE,104,4,1,6592
1902,JPE,97,5,1,6592
1903,JPE,89,1,1,6592
1904,JPE,98,2,1,6592
1905,JPE,87,2,1,6592
1906,JPE,101,1,1,6592
1907,JPE,97,6,1,6592
1908,JPE,104,1,1,6592
1909,JPE,98,4,1,6592
1910,JPE,97,2,1,6592
1911,JPE,100,1,1,6592
1912,JPE,89,2,1,6592
1913,JPE,88,2,1,6592
1914,JPE,103,4,1,6592
1915,JPE,100,3,1,6592
1916,JPE,98,6,1,6592
1917,JPE,88,1,1,6592
1918,JPE,86,6,1,6592
1919,JPE,99,6,1,6592
1920,JPE,100,6,1,6592
1921,JPE,97,1,1,6592
1922,JPE,89,6,1,6592
1923,JPE,98,3,1,6592
1924,JPE,101,3,1,6592
1925,JPE,99,5,1,6592
1926,JPE,89,5,1,6592
1927,JPE,103,1,1,6592
1928,JPE,99,2,1,6592
1929,JPE,99,3,1,6592
1930,JPE,87,3,1,6592
1931,JPE,103,6,1,6592
1932,JPE,103,3,1,6592
1933,JPE,104,6,1,6592
1934,JPE,102,3,1,6592
1935,JPE,97,3,1,6592
1936,JPE,101,2,1,6592
1937,JPE,102,4,1,6592
1938,JPE,89,4,1,6592
1939,JPE,101,4,1,6592
1940,JPE,103,2,1,6592
1941,JPE,103,5,1,6592
1942,JPE,99,4,1,6592
1943,JPE,87,4,1,6592
1944,JPE,104,5,1,6592
1945,JPE,102,5,1,6592
1946,JPE,87,6,1,6592
1947,JPE,104,3,1,6592
1948,JPE,88,3,1,6592
1949,JPE,88,6,1,6592
1950,JPE,83,2,1,4904
1951,JPE,92,3,1,4904
1952,JPE,91,3,1,4904
1953,JPE,82,5,1,4904
1954,JPE,92,5,1,4904
1955,JPE,93,1,1,4904
1956,JPE,92,2,1,4904
1957,JPE,92,4,1,4904
1958,JPE,83,3,1,4904
1959,JPE,83,1,1,4904
1960,JPE,92,1,1,4904
1961,JPE,92,6,1,4904
1962,JPE,82,4,1,4904
1963,JPE,82,6,1,4904
1964,JPE,91,6,1,4904
1965,JPE,91,4,1,4904
1966,JPE,80,2,1,4905
1967,JPE,80,5,1,4905
1968,JPE,79,3,1,4905
1969,JPE,80,1,1,4905
1970,JPE,81,2,1,4905
1971,JPE,81,1,1,4905
1972,JPE,79,5,1,4905
1973,JPE,80,6,1,4905
1974,JPE,79,6,1,4905
1975,JPE,80,4,1,4905
1976,JPE,79,4,1,4905
1977,JPE,79,2,1,4905
1978,JPE,81,3,1,4905
1979,JPE,80,3,1,4905
1980,JPE,97,2,1,4933
1981,JPE,97,1,1,4933
1982,JPE,97,5,1,4933
1983,JPE,98,1,1,4933
1984,JPE,95,6,1,4933
1985,JPE,97,6,1,4933
1986,JPE,97,3,1,4933
1987,JPE,97,4,1,4933
1988,JPE,96,5,1,4933
1989,JPE,96,1,1,4933
1990,JPE,96,3,1,4933
1991,JPE,95,5,1,4933
1992,JPE,96,6,1,4933
1993,JPE,96,2,1,4933
1994,JPE,105,1,1,4898
1995,JPE,104,6,1,4898
1996,JPE,101,4,1,4898
1997,JPE,103,6,1,4898
1998,JPE,104,1,1,4898
1999,JPE,102,2,1,4898
2000,JPE,102,6,1,4898
2001,JPE,103,2,1,4898
2002,JPE,104,5,1,4898
2003,JPE,101,5,1,4898
2004,JPE,104,4,1,4898
2005,JPE,102,3,1,4898
2006,JPE,103,3,1,4898
2007,JPE,101,6,1,4898
2008,JPE,102,4,1,4898
2009,JPE,103,4,1,4898
2010,JPE,104,3,1,4898
2011,JPE,103,1,1,4898
2012,JPE,104,2,1,4898
2013,JPE,103,5,1,4898
2014,JPE,102,5,1,4898
2015,JPE,91,4,1,5147
2016,JPE,89,4,1,5147
2017,JPE,89,2,1,5147
2018,JPE,85,1,1,5147
2019,JPE,94,6,1,5147
2020,JPE,85,5,1,5147
2021,JPE,86,4,1,5147
2022,JPE,93,5,1,5147
2023,JPE,91,2,1,5147
2024,JPE,82,4,1,5147
2025,JPE,84,2,1,5147
2026,JPE,96,5,1,5147
2027,JPE,94,1,1,5147
2028,JPE,83,1,1,5147
2029,JPE,85,6,1,5147
2030,JPE,86,1,1,5147
2031,JPE,97,1,1,5147
2032,JPE,97,3,1,5147
2033,JPE,87,6,1,5147
2034,JPE,86,2,2,5147
2035,JPE,89,6,1,5147
2036,JPE,94,5,1,5147
2037,JPE,84,5,1,5147
2038,JPE,87,5,1,5147
2039,JPE,87,1,1,5147
2040,JPE,90,1,1,5147
2041,JPE,90,3,1,5147
2042,JPE,82,6,1,5147
2043,JPE,83,2,1,5147
2044,JPE,82,5,1,5147
2045,JPE,94,2,1,5147
2046,JPE,96,3,1,5147
2047,JPE,86,5,1,5147
2048,JPE,96,4,1,5147
2049,JPE,90,5,1,5147
2050,JPE,84,1,1,5147
2051,JPE,83,5,1,5147
2052,JPE,88,5,1,5147
2053,JPE,95,2,1,5147
2054,JPE,88,2,1,5147
2055,JPE,88,4,1,5147
2056,JPE,94,3,1,5147
2057,JPE,84,3,1,5147
2058,JPE,83,4,1,5147
2059,JPE,96,6,1,5147
2060,JPE,95,6,1,5147
2061,JPE,91,6,1,5147
2062,JPE,89,5,1,5147
2063,JPE,88,3,1,5147
2064,JPE,93,4,1,5147
2065,JPE,84,4,1,5147
2066,JPE,86,3,1,5147
2067,JPE,83,3,1,5147
2068,JPE,86,6,1,5147
2069,JPE,95,3,1,5147
2070,JPE,85,2,1,5147
2071,JPE,85,4,1,5147
2072,JPE,96,1,1,5147
2073,JPE,95,5,1,5147
2074,JPE,90,2,1,5147
2075,JPE,88,6,1,5147
2076,JPE,97,4,1,5147
2077,JPE,91,1,1,5147
2078,JPE,87,4,1,5147
2079,JPE,95,4,1,5147
2080,JPE,88,1,1,5147
2081,JPE,83,6,1,5147
2082,JPE,89,3,1,5147
2083,JPE,87,3,1,5147
2084,JPE,93,6,1,5147
2085,JPE,90,4,1,5147
2086,JPE,84,6,1,5147
2087,JPE,91,5,1,5147
2088,JPE,89,1,1,5147
2089,JPE,85,3,1,5147
2090,JPE,91,3,1,5147
2091,JPE,97,2,1,5147
2092,JPE,87,2,1,5147
2093,JPE,90,6,1,5147
2094,JPE,96,2,1,5147
2095,JPE,86,2,1,5147
2096,JPE,94,4,1,5147
2097,JPE,98,3,1,5289
2098,JPE,102,5,1,5289
2099,JPE,104,2,1,5289
2100,JPE,98,4,1,5289
2101,JPE,104,1,1,5289
2102,JPE,96,2,1,5289
2103,JPE,97,6,1,5289
2104,JPE,96,3,1,5289
2105,JPE,105,1,1,5289
2106,JPE,103,4,1,5289
2107,JPE,100,6,1,5289
2108,JPE,101,2,1,5289
2109,JPE,104,4,1,5289
2110,JPE,101,5,1,5289
2111,JPE,99,5,1,5289
2112,JPE,96,5,1,5289
2113,JPE,97,4,1,5289
2114,JPE,100,2,1,5289
2115,JPE,95,6,1,5289
2116,JPE,101,1,1,5289
2117,JPE,99,1,1,5289
2118,JPE,99,2,1,5289
2119,JPE,102,4,1,5289
2120,JPE,103,2,1,5289
2121,JPE,95,5,1,5289
2122,JPE,100,4,1,5289
2123,JPE,101,4,1,5289
2124,JPE,100,5,1,5289
2125,JPE,97,2,1,5289
2126,JPE,99,6,1,5289
2127,JPE,97,3,1,5289
2128,JPE,101,6,1,5289
2129,JPE,97,5,1,5289
2130,JPE,96,4,1,5289
2131,JPE,101,3,1,5289
2132,JPE,98,1,1,5289
2133,JPE,97,1,1,5289
2134,JPE,96,1,1,5289
2135,JPE,98,6,1,5289
2136,JPE,96,6,1,5289
2137,JPE,100,3,1,5289
2138,JPE,104,6,1,5289
2139,JPE,98,2,1,5289
2140,JPE,99,3,1,5289
2141,JPE,100,1,1,5289
2142,JPE,102,1,1,5289
2143,JPE,104,3,1,5289
2144,JPE,102,2,1,5289
2145,JPE,99,4,1,5289
2146,JPE,98,5,1,5289
2147,JPE,102,6,1,5289
2148,JPE,103,1,1,5289
2149,JPE,103,3,1,5289
2150,JPE,104,5,1,5289
2151,JPE,103,6,1,5289
2152,JPE,103,5,1,5289
2153,JPE,105,2,1,3381
2154,JPE,105,2,1,4898
2155,JPE,105,2,1,5289
2156,JPE,105,2,1,6592
2157,JPE,105,3,1,3381
2158,JPE,105,3,1,4898
2159,JPE,105,3,1,5289
2160,JPE,105,3,1,6592
2161,JPE,105,4,1,3381
2162,JPE,105,4,1,4898
2163,JPE,105,4,1,5289
2164,JPE,105,4,1,6592
2165,JPE,105,5,1,3381
2166,JPE,105,5,1,4898
2167,JPE,105,5,1,5289
2168,JPE,105,5,1,6592
2169,JPE,105,6,1,3381
2170,JPE,105,6,1,4898
2171,JPE,105,6,1,5289
2172,JPE,105,6,1,6592
2173,JPE,106,1,1,3381
2174,JPE,106,1,1,4898
2175,JPE,106,1,1,5289
2176,JPE,106,1,1,6592
2177,JPE,106,2,1,3381
2178,JPE,106,2,1,4898
2179,JPE,106,2,1,5289
2180,JPE,106,2,1,6592
2181,JPE,106,3,1,3381
2182,JPE,106,3,1,4898
2183,JPE,106,3,1,5289
2184,JPE,106,3,1,6592
2185,JPE,106,4,1,3381
2186,JPE,106,4,1,4898
2187,JPE,106,4,1,5289
2188,JPE,106,4,1,6592
2189,JPE,106,5,1,3381
2190,JPE,106,5,1,4898
2191,JPE,106,5,1,5289
2192,JPE,106,5,1,6592
2193,JPE,106,6,1,3381
2194,JPE,106,6,1,4898
2195,JPE,106,6,1,5289
2196,JPE,106,6,1,6592
2197,JPE,121,5,1,2114
2198,JPE,121,6,1,2114
2199,RES,46,1,,6987
2200,RES,46,1,,3929
2201,RES,46,2,,6987
2202,RES,46,2,,3929
2203,RES,46,3,,6987
2204,RES,46,3,,3929
2205,RES,46,4,,3929
2206,RES,46,4,,4281
2207,RES,47,1,,3929
2208,RES,47,1,,4281
2209,RES,47,2,,3929
2210,RES,47,2,,4281
2211,RES,47,3,,3929
2212,RES,47,3,,4281
2213,RES,47,4,,3929
2214,RES,47,4,,4281
2215,RES,47,5,,3929
2216,RES,47,5,,4281
2217,RES,48,1,,3929
2218,RES,48,1,,4281
2219,RES,48,2,,3929
2220,RES,48,2,,4281
2221,RES,48,3,,3929
2222,RES,48,3,,4281
2223,RES,48,4,,3929
2224,RES,48,4,,4281
2225,RES,49,1,,3929
2226,RES,49,1,,4281
2227,RES,49,2,,3929
2228,RES,49,2,,4281
2229,RES,49,3,,3929
2230,RES,49,3,,4281
2231,RES,49,4,,3929
2232,RES,49,4,,4281
2233,RES,49,5,,3929
2234,RES,49,5,,4281
2235,RES,50,1,,3929
2236,RES,50,1,,4281
2237,RES,50,2,,4281
2238,RES,50,2,,7322
2239,RES,50,3,,4281
2240,RES,50,3,,7322
2241,RES,50,4,,4281
2242,RES,50,4,,7322
2243,RES,51,1,,7322
2244,RES,51,1,,6286
2245,RES,51,2,,7322
2246,RES,51,2,,6286
2247,RES,51,3,,7322
2248,RES,51,3,,6286
2249,RES,51,4,,7322
2250,RES,51,4,,6286
2251,RES,52,1,,7322
2252,RES,52,1,,6286
2253,RES,52,2,,7322
2254,RES,52,2,,6286
2255,RES,52,3,,7322
2256,RES,52,3,,6286
2257,RES,52,4,,7322
2258,RES,52,4,,6286
2259,RES,53,1,,7322
2260,RES,53,1,,6286
2261,RES,53,2,,7322
2262,RES,53,2,,6286
2263,RES,53,3,,7322
2264,RES,53,3,,6286
2265,RES,53,4,,7322
2266,RES,53,4,,6286
2267,RES,53,5,,9445
2268,RES,53,5,,6286
2269,RES,54,1,,9445
2270,RES,54,1,,6286
2271,RES,54,2,,9445
2272,RES,54,2,,6286
2273,RES,54,3,,9445
2274,RES,54,3,,6286
2275,RES,54,4,,9445
2276,RES,54,4,,6286
2277,RES,55,1,,9445
2278,RES,55,1,,2867
2279,RES,55,2,,9445
2280,RES,55,2,,2867
2281,RES,55,3,,9445
2282,RES,55,3,,2867
2283,RES,55,4,,9445
2284,RES,55,4,,2867
2285,RES,56,1,,9445
2286,RES,56,1,,2867
2287,RES,56,2,,9445
2288,RES,56,2,,2867
2289,RES,56,3,,9445
2290,RES,56,3,,2867
2291,RES,56,4,,9445
2292,RES,56,4,,2867
2293,RES,57,1,,9445
2294,RES,57,1,,2867
2295,RES,57,2,,9445
2296,RES,57,2,,2867
2297,RES,57,3,,9445
2298,RES,57,3,,2867
2299,RES,57,4,,3837
2300,RES,57,4,,2867
2301,RES,58,1,,3837
2302,RES,58,1,,2867
2303,RES,58,2,,3837
2304,RES,58,2,,2867
2305,RES,58,3,,3837
2306,RES,58,3,,2867
2307,RES,58,4,,3837
2308,RES,58,4,,2867
2309,RES,58,5,,3837
2310,RES,58,5,,6274
2311,RES,59,1,,3837
2312,RES,59,1,,6274
2313,RES,59,2,,3837
2314,RES,59,2,,6274
2315,RES,59,3,,3837
2316,RES,59,3,,6274
2317,RES,59,4,,3837
2318,RES,59,4,,6274
2319,RES,60,1,,3837
2320,RES,60,1,,6274
2321,RES,60,2,,3837
2322,RES,60,2,,6274
2323,RES,60,3,,3837
2324,RES,60,3,,6274
2325,RES,60,4,,3837
2326,RES,60,4,,6274
2327,RES,61,1,,3612
2328,RES,61,1,,3837
2329,RES,61,1,,6274
2330,RES,61,2,,3612
2331,RES,61,2,,3837
2332,RES,61,2,,6274
2333,RES,61,3,,3612
2334,RES,61,3,,3837
2335,RES,61,3,,6274
2336,RES,61,4,,3612
2337,RES,61,4,,3837
2338,RES,61,4,,6274
2339,RES,62,1,,3612
2340,RES,62,1,,5713
2341,RES,62,1,,6274
2342,RES,62,2,,3612
2343,RES,62,2,,5713
2344,RES,62,2,,6274
2345,RES,62,3,,3612
2346,RES,62,3,,5713
2347,RES,62,3,,6274
2348,RES,62,4,,3612
2349,RES,62,4,,4386
2350,RES,62,4,,2231
2351,RES,63,1,,3612
2352,RES,63,1,,4386
2353,RES,63,1,,2231
2354,RES,63,2,,3612
2355,RES,63,2,,4386
2356,RES,63,2,,2231
2357,RES,63,3,,3612
2358,RES,63,3,,4386
2359,RES,63,3,,2231
2360,RES,63,4,,3612
2361,RES,63,4,,4386
2362,RES,63,4,,2231
2363,RES,64,1,,3612
2364,RES,64,1,,2231
2365,RES,64,2,,3612
2366,RES,64,2,,4386
2367,RES,64,2,,2231
2368,RES,64,3,,3612
2369,RES,64,3,,4386
2370,RES,64,3,,2231
2371,RES,64,4,,3612
2372,RES,64,4,,4386
2373,RES,64,4,,2231
2374,RES,65,1,,3612
2375,RES,65,1,,4386
2376,RES,65,1,,2231
2377,RES,65,2,,3612
2378,RES,65,2,,4386
2379,RES,65,2,,2231
2380,RES,65,3,,3612
2381,RES,65,3,,4386
2382,RES,65,3,,2231
2383,RES,65,4,,4306
2384,RES,65,4,,4386
2385,RES,65,4,,2231
2386,RES,66,1,,4306
2387,RES,66,1,,4386
2388,RES,66,1,,2231
2389,RES,66,2,,4306
2390,RES,66,2,,4386
2391,RES,66,2,,2231
2392,RES,66,3,,4306
2393,RES,66,3,,4386
2394,RES,66,3,,2231
2395,RES,66,4,,3709
2396,RES,66,4,,4306
2397,RES,66,4,,2443
2398,RES,67,1,,3709
2399,RES,67,1,,4306
2400,RES,67,1,,2443
2401,RES,67,2,,3709
2402,RES,67,2,,4306
2403,RES,67,2,,2443
2404,RES,67,3,,3709
2405,RES,67,3,,4306
2406,RES,67,3,,2443
2407,RES,67,4,,3709
2408,RES,67,4,,4306
2409,RES,67,4,,2443
2410,RES,68,1,,3709
2411,RES,68,1,,4306
2412,RES,68,1,,2443
2413,RES,68,2,,3709
2414,RES,68,2,,4306
2415,RES,68,2,,2443
2416,RES,68,3,,3709
2417,RES,68,3,,4306
2418,RES,68,3,,2443
2419,RES,68,4,,3709
2420,RES,68,4,,4306
2421,RES,68,4,,2443
2422,RES,69,1,,3709
2423,RES,69,1,,4306
2424,RES,69,1,,2443
2425,RES,69,2,,3709
2426,RES,69,2,,4306
2427,RES,69,2,,2443
2428,RES,69,2,,2182
2429,RES,69,3,,3709
2430,RES,69,3,,4306
2431,RES,69,3,,2443
2432,RES,69,3,,2182
2433,RES,69,4,,3709
2434,RES,69,4,,4306
2435,RES,69,4,,2443
2436,RES,69,4,,2182
2437,RES,70,1,,3709
2438,RES,70,1,,2443
2439,RES,70,1,,2182
2440,RES,70,1,,1711
2441,RES,70,2,,3709
2442,RES,70,2,,2443
2443,RES,70,2,,2182
2444,RES,70,2,,1711
2445,RES,70,3,,3709
2446,RES,70,3,,2443
2447,RES,70,3,,2182
2448,RES,70,3,,1711
2449,RES,70,4,,3709
2450,RES,70,4,,2443
2451,RES,70,4,,3129
2452,RES,70,4,,1711
2453,RES,71,1,,3595
2454,RES,71,1,,572
2455,RES,71,1,,3129
2456,RES,71,1,,1711
2457,RES,71,2,,3595
2458,RES,71,2,,572
2459,RES,71,2,,3129
2460,RES,71,2,,1711
2461,RES,71,3,,3595
2462,RES,71,3,,572
2463,RES,71,3,,3129
2464,RES,71,3,,1711
2465,RES,71,4,,3595
2466,RES,71,4,,572
2467,RES,71,4,,3129
2468,RES,71,4,,1711
2469,RES,72,1,,3595
2470,RES,72,1,,572
2471,RES,72,1,,3129
2472,RES,72,1,,1711
2473,RES,72,2,,3595
2474,RES,72,2,,572
2475,RES,72,2,,3129
2476,RES,72,2,,1711
2477,RES,72,3,,3595
2478,RES,72,3,,572
2479,RES,72,3,,3129
2480,RES,72,3,,1711
2481,RES,72,4,,3595
2482,RES,72,4,,572
2483,RES,72,4,,3129
2484,RES,72,4,,1711
2485,RES,73,1,,3595
2486,RES,73,1,,572
2487,RES,73,1,,3129
2488,RES,73,1,,1711
2489,RES,73,1,,243
2490,RES,73,2,,3595
2491,RES,73,2,,572
2492,RES,73,2,,3129
2493,RES,73,2,,1711
2494,RES,73,2,,243
2495,RES,73,3,,3595
2496,RES,73,3,,572
2497,RES,73,3,,3129
2498,RES,73,3,,1711
2499,RES,73,3,,243
2500,RES,73,4,,3595
2501,RES,73,4,,572
2502,RES,73,4,,3129
2503,RES,73,4,,1711
2504,RES,73,4,,243
2505,RES,74,1,,675
2506,RES,74,1,,243
2507,RES,74,1,,572
2508,RES,74,1,,3306
2509,RES,74,2,,675
2510,RES,74,2,,243
2511,RES,74,2,,572
2512,RES,74,2,,3306
2513,RES,74,3,,675
2514,RES,74,3,,243
2515,RES,74,3,,572
2516,RES,74,3,,3306
2517,RES,74,4,,675
2518,RES,74,4,,243
2519,RES,74,4,,572
2520,RES,74,4,,3306
2521,RES,75,1,,675
2522,RES,75,1,,243
2523,RES,75,1,,1584
2524,RES,75,1,,3306
2525,RES,75,2,,675
2526,RES,75,2,,243
2527,RES,75,2,,1584
2528,RES,75,2,,3306
2529,RES,75,3,,675
2530,RES,75,3,,243
2531,RES,75,3,,1584
2532,RES,75,3,,3306
2533,RES,75,4,,675
2534,RES,75,4,,243
2535,RES,75,4,,1584
2536,RES,75,4,,3306
2537,RES,76,1,,675
2538,RES,76,1,,243
2539,RES,76,1,,2280
2540,RES,76,1,,1584
2541,RES,76,1,,3306
2542,RES,76,2,,675
2543,RES,76,2,,243
2544,RES,76,2,,2280
2545,RES,76,2,,1584
2546,RES,76,2,,3306
2547,RES,76,3,,675
2548,RES,76,3,,243
2549,RES,76,3,,2280
2550,RES,76,3,,1584
2551,RES,76,3,,3306
2552,RES,76,4,,675
2553,RES,76,4,,243
2554,RES,76,4,,2280
2555,RES,76,4,,1584
2556,RES,76,4,,3306
2557,RES,77,1,,675
2558,RES,77,1,,2280
2559,RES,77,1,,3651
2560,RES,77,1,,1584
2561,RES,77,1,,3306
2562,RES,77,2,,675
2563,RES,77,2,,2280
2564,RES,77,2,,3651
2565,RES,77,2,,1584
2566,RES,77,2,,3306
2567,RES,77,3,,675
2568,RES,77,3,,2280
2569,RES,77,3,,3651
2570,RES,77,3,,1584
2571,RES,77,3,,3306
2572,RES,77,4,,675
2573,RES,77,4,,2280
2574,RES,77,4,,3651
2575,RES,77,4,,1584
2576,RES,77,4,,3306
2577,RES,78,1,,1767
2578,RES,78,1,,3651
2579,RES,78,1,,4573
2580,RES,78,1,,2280
2581,RES,78,1,,1584
2582,RES,78,2,,1767
2583,RES,78,2,,3651
2584,RES,78,2,,4573
2585,RES,78,2,,2280
2586,RES,78,2,,1584
2587,RES,78,3,,1767
2588,RES,78,3,,3651
2589,RES,78,3,,4573
2590,RES,78,3,,2280
2591,RES,78,3,,1584
2592,RES,78,4,,5514
2593,RES,78,4,,1767
2594,RES,78,4,,3651
2595,RES,78,4,,4573
2596,RES,78,4,,2280
2597,RES,78,4,,1360
2598,RES,79,1,,5514
2599,RES,79,1,,1767
2600,RES,79,1,,3651
2601,RES,79,1,,4573
2602,RES,79,1,,2280
2603,RES,79,1,,1360
2604,RES,79,2,,5514
2605,RES,79,2,,1767
2606,RES,79,2,,3651
2607,RES,79,2,,4573
2608,RES,79,2,,2280
2609,RES,79,2,,1360
2610,RES,79,3,,5514
2611,RES,79,3,,1767
2612,RES,79,3,,3651
2613,RES,79,3,,4573
2614,RES,79,3,,2280
2615,RES,79,3,,1360
2616,RES,79,4,,5514
2617,RES,79,4,,1767
2618,RES,79,4,,3651
2619,RES,79,4,,4573
2620,RES,79,4,,2280
2621,RES,79,4,,1360
2622,RES,80,1,,5514
2623,RES,80,1,,1767
2624,RES,80,1,,3651
2625,RES,80,1,,4573
2626,RES,80,1,,2280
2627,RES,80,1,,1360
2628,RES,80,2,,3130
2629,RES,80,2,,5514
2630,RES,80,2,,1767
2631,RES,80,2,,4573
2632,RES,80,2,,3651
2633,RES,80,2,,1360
2634,RES,80,3,,3130
2635,RES,80,3,,5514
2636,RES,80,3,,1767
2637,RES,80,3,,4573
2638,RES,80,3,,3651
2639,RES,80,3,,1360
2640,RES,80,4,,3130
2641,RES,80,4,,5514
2642,RES,80,4,,1767
2643,RES,80,4,,4573
2644,RES,80,4,,3651
2645,RES,80,4,,1360
2646,RES,80,4,,606
2647,RES,80,4,,4055
2648,RES,81,1,,3130
2649,RES,81,1,,5514
2650,RES,81,1,,1767
2651,RES,81,1,,4573
2652,RES,81,1,,1360
2653,RES,81,1,,606
2654,RES,81,1,,4055
2655,RES,81,2,,3130
2656,RES,81,2,,5514
2657,RES,81,2,,1767
2658,RES,81,2,,4573
2659,RES,81,2,,1360
2660,RES,81,2,,606
2661,RES,81,2,,4055
2662,RES,81,3,,3130
2663,RES,81,3,,5514
2664,RES,81,3,,1767
2665,RES,81,3,,4573
2666,RES,81,3,,1360
2667,RES,81,3,,606
2668,RES,81,3,,4055
2669,RES,81,4,,3130
2670,RES,81,4,,5514
2671,RES,81,4,,1767
2672,RES,81,4,,1986
2673,RES,81,4,,4573
2674,RES,81,4,,606
2675,RES,81,4,,4055
2676,RES,81,4,,1360
2677,RES,82,1,,3130
2678,RES,82,1,,5514
2679,RES,82,1,,1986
2680,RES,82,1,,875
2681,RES,82,1,,4573
2682,RES,82,1,,606
2683,RES,82,1,,4055
2684,RES,82,2,,3130
2685,RES,82,2,,5514
2686,RES,82,2,,1986
2687,RES,82,2,,875
2688,RES,82,2,,606
2689,RES,82,2,,4055
2690,RES,82,2,,1360
2691,RES,82,3,,3130
2692,RES,82,3,,5514
2693,RES,82,3,,1986
2694,RES,82,3,,875
2695,RES,82,3,,606
2696,RES,82,3,,4055
2697,RES,82,3,,1360
2698,RES,82,4,,3130
2699,RES,82,4,,4221
2700,RES,82,4,,1986
2701,RES,82,4,,875
2702,RES,82,4,,606
2703,RES,82,4,,4055
2704,RES,82,4,,5826
2705,RES,83,1,,3130
2706,RES,83,1,,4221
2707,RES,83,1,,1986
2708,RES,83,1,,875
2709,RES,83,1,,606
2710,RES,83,1,,4055
2711,RES,83,1,,5826
2712,RES,83,2,,3130
2713,RES,83,2,,4221
2714,RES,83,2,,1986
2715,RES,83,2,,875
2716,RES,83,2,,606
2717,RES,83,2,,4055
2718,RES,83,2,,5826
2719,RES,83,3,,3130
2720,RES,83,3,,4221
2721,RES,83,3,,1986
2722,RES,83,3,,875
2723,RES,83,3,,606
2724,RES,83,3,,4055
2725,RES,83,3,,5826
2726,RES,83,4,,3130
2727,RES,83,4,,4221
2728,RES,83,4,,1986
2729,RES,83,4,,875
2730,RES,83,4,,606
2731,RES,83,4,,4055
2732,RES,83,4,,5826
2733,RES,84,1,,3130
2734,RES,84,1,,4221
2735,RES,84,1,,1986
2736,RES,84,1,,875
2737,RES,84,1,,606
2738,RES,84,1,,6147
2739,RES,84,1,,5826
2740,RES,84,2,,3130
2741,RES,84,2,,4221
2742,RES,84,2,,1986
2743,RES,84,2,,875
2744,RES,84,2,,606
2745,RES,84,2,,6147
2746,RES,84,2,,5826
2747,RES,84,3,,3130
2748,RES,84,3,,4221
2749,RES,84,3,,1986
2750,RES,84,3,,875
2751,RES,84,3,,606
2752,RES,84,3,,6147
2753,RES,84,3,,5826
2754,RES,84,4,,4221
2755,RES,84,4,,5855
2756,RES,84,4,,875
2757,RES,84,4,,606
2758,RES,84,4,,6147
2759,RES,84,4,,5826
2760,RES,84,4,,38
2761,RES,85,1,,4221
2762,RES,85,1,,5855
2763,RES,85,1,,875
2764,RES,85,1,,1370
2765,RES,85,1,,6147
2766,RES,85,1,,5826
2767,RES,85,1,,38
2768,RES,85,2,,4221
2769,RES,85,2,,5855
2770,RES,85,2,,875
2771,RES,85,2,,1370
2772,RES,85,2,,6147
2773,RES,85,2,,5826
2774,RES,85,2,,38
2775,RES,85,3,,4221
2776,RES,85,3,,5855
2777,RES,85,3,,875
2778,RES,85,3,,1370
2779,RES,85,3,,6147
2780,RES,85,3,,5826
2781,RES,85,3,,38
2782,RES,85,4,,4221
2783,RES,85,4,,5855
2784,RES,85,4,,875
2785,RES,85,4,,1370
2786,RES,85,4,,6147
2787,RES,85,4,,5826
2788,RES,85,4,,38
2789,RES,43,1,,5425
2790,RES,43,2,,5425
2791,RES,43,3,,5425
2792,RES,44,1,,5425
2793,RES,44,2,,5425
2794,RES,44,3,,5425
2795,RES,45,1,,5425
2796,RES,45,2,,5425
2797,RES,43,1,,6987
2798,RES,43,2,,6987
2799,RES,43,3,,6987
2800,RES,44,1,,6987
2801,RES,44,2,,6987
2802,RES,44,3,,6987
2803,RES,45,1,,6987
2804,RES,45,2,,6987
2805,RES,45,3,,6987
